date,open,high,low,close
2020-01-02,1007.061,1036.833,1007.061,1036.833
2020-01-03,1040.907,1051.456,1036.74,1043.8
2020-01-06,1037.692,1060.504,1037.414,1044.122
2020-01-07,1043.81,1048.833,1027.593,1048.833
2020-01-08,1042.16,1075.812,1041.221,1068.381
2020-01-09,1078.622,1094.484,1078.622,1091.943
2020-01-10,1096.104,1101.341,1085.127,1085.127
2020-01-13,1084.669,1132.524,1080.022,1132.524
2020-01-14,1132.621,1172.085,1130.551,1150.086
2020-01-15,1144.021,1155.57,1133.353,1149.369
2020-01-16,1150.273,1207.648,1150.273,1204.489
2020-01-17,1208.067,1331.152,1208.067,1316.288
2020-01-20,1311.262,1337.906,1264.19,1300.986
2020-01-21,1289.211,1311.218,1255.291,1255.291
2020-01-22,1232.51,1329.58,1208.701,1329.58
2020-01-23,1297.747,1363.925,1254.659,1291.5
2020-02-03,1076.612,1139.112,1060.262,1060.262
2020-02-04,1091.455,1192.191,1091.455,1192.191
2020-02-05,1210.09,1287.417,1210.09,1235.393
2020-02-06,1217.879,1278.899,1217.879,1265.373
2020-02-07,1261.272,1349.295,1255.323,1349.14
2020-02-10,1360.23,1403.265,1358.259,1391.514
2020-02-11,1382.869,1396.278,1343.356,1364.703
2020-02-12,1354.929,1435.379,1354.929,1416.089
2020-02-13,1418.142,1498.162,1418.142,1429.668
2020-02-14,1425.261,1447.297,1353.777,1379.835
2020-02-17,1385.172,1432.358,1385.172,1432.358
2020-02-18,1432.084,1467.041,1429.811,1452.893
2020-02-19,1451.621,1467.441,1425.925,1430.344
2020-02-20,1432.919,1443.792,1366.814,1394.649
2020-02-21,1380.712,1418.517,1380.712,1385.759
2020-02-24,1378.316,1402.828,1366.06,1392.387
2020-02-25,1349.55,1415.667,1349.55,1412.864
2020-02-26,1388.873,1407.443,1325.677,1329.096
2020-02-27,1332.696,1332.696,1277.412,1290.903
2020-02-28,1226.395,1254.12,1209.441,1214.444
2020-03-02,1230.133,1283.583,1221.287,1276.8
2020-03-03,1302.43,1362.119,1297.943,1312.318
2020-03-04,1292.76,1304.005,1246.971,1277.791
2020-03-05,1301.399,1304.161,1273.803,1292.53
2020-03-06,1273.234,1276.817,1260.103,1263.563
2020-03-09,1233.206,1245.499,1187.39,1187.39
2020-03-10,1162.777,1238.571,1149.651,1238.571
2020-03-11,1241.468,1255.367,1205.09,1205.09
2020-03-12,1180.975,1200.43,1175.081,1191.207
2020-03-13,1127.426,1222.971,1127.426,1206.746
2020-03-16,1219.867,1231.276,1148.03,1148.03
2020-03-17,1166.285,1177.381,1111.288,1164.48
2020-03-18,1180.791,1204.117,1144.366,1144.483
2020-03-19,1146.837,1163.831,1119.667,1157.41
2020-03-20,1169.54,1174.753,1143.221,1155.685
2020-03-23,1119.853,1122.246,1054.874,1058.993
2020-03-24,1087.375,1089.752,1031.677,1078.232
2020-03-25,1118.216,1132.352,1114.789,1119.941
2020-03-26,1112.423,1130.515,1108.581,1110.94
2020-03-27,1126.303,1129.075,1102.336,1105.643
2020-03-30,1079.848,1079.848,1041.951,1059.132
2020-03-31,1074.752,1083.725,1057.801,1060.901
2020-04-01,1055.288,1096.056,1055.288,1073.158
2020-04-02,1068.193,1135.019,1068.193,1135.019
2020-04-03,1128.561,1132.648,1110.163,1116.375
2020-04-07,1147.456,1156.494,1142.102,1145.125
2020-04-08,1136.754,1149.385,1132.977,1137.304
2020-04-09,1141.291,1143.502,1125.139,1130.546
2020-04-10,1128.964,1128.964,1081.536,1083.856
2020-04-13,1070.528,1076.438,1062.883,1065.745
2020-04-14,1074.172,1097.409,1074.172,1097.409
2020-04-15,1101.003,1130.352,1101.003,1115.392
2020-04-16,1107.864,1122.807,1106.978,1116.6
2020-04-17,1129.127,1161.493,1129.127,1148.607
2020-04-20,1150.641,1163.591,1146.484,1163.591
2020-04-21,1157.427,1157.427,1138.164,1148.466
2020-04-22,1136.003,1165.901,1136.003,1165.901
2020-04-23,1170.982,1191.105,1170.879,1183.486
2020-04-24,1181.458,1188.418,1171.162,1178.691
2020-04-27,1174.138,1181.077,1170.046,1172.357
2020-04-28,1166.393,1166.393,1069.27,1156.875
2020-04-29,1148.443,1165.887,1137.028,1137.028
2020-04-30,1143.491,1214.061,1143.491,1207.037
2020-05-06,1197.83,1305.081,1197.83,1296.827
2020-05-07,1299.033,1299.033,1263.501,1269.398
2020-05-08,1277.74,1322.662,1277.74,1287.06
2020-05-11,1295.203,1320.561,1264.117,1274.284
2020-05-12,1271.779,1281.44,1249.47,1281.44
2020-05-13,1276.911,1302.779,1276.911,1294.639
2020-05-14,1290.443,1308.136,1287.965,1291.102
2020-05-15,1294.416,1333.967,1294.295,1321.515
2020-05-18,1337.428,1337.428,1298.457,1301.488
2020-05-19,1309.544,1383.337,1309.544,1383.337
2020-05-20,1375.086,1410.127,1351.231,1362.267
2020-05-21,1360.76,1365.999,1300.987,1302.189
2020-05-22,1297.121,1309.393,1255.32,1280.897
2020-05-25,1274.193,1279.135,1253.116,1258.313
2020-05-26,1266.753,1329.139,1266.753,1328.196
2020-05-27,1324.365,1335.411,1302.304,1304.902
2020-05-28,1302.974,1306.752,1257.683,1282.755
2020-05-29,1278.626,1320.546,1278.626,1294.584
2020-06-01,1309.764,1366.219,1309.764,1355.242
2020-06-02,1360.652,1365.125,1339.315,1356.562
2020-06-03,1357.239,1363.961,1339.26,1339.26
2020-06-04,1340.612,1347.77,1335.137,1341.538
2020-06-05,1340.901,1354.872,1336.286,1342.495
2020-06-08,1354.14,1359.967,1322.302,1325.269
2020-06-09,1323.555,1329.385,1315.79,1327.727
2020-06-10,1327.299,1327.299,1312.723,1316.301
2020-06-11,1318.577,1341.833,1311.757,1318.994
2020-06-12,1289.623,1312.742,1289.623,1305.395
2020-06-15,1302.729,1314.282,1289.396,1290.139
2020-06-16,1300.392,1333.361,1300.392,1333.361
2020-06-17,1335.353,1340.994,1321.984,1332.645
2020-06-18,1331.844,1344.818,1328.222,1342.206
2020-06-19,1341.901,1367.309,1341.901,1361.903
2020-06-22,1383.217,1422.029,1383.217,1410.028
2020-06-23,1403.667,1444.999,1399.725,1444.999
2020-06-24,1445.339,1481.249,1445.339,1469.747
2020-06-29,1460.906,1460.906,1436.221,1443.577
2020-06-30,1454.479,1497.456,1454.479,1487.336
2020-07-01,1491.95,1497.741,1453.265,1482.796
2020-07-02,1480.239,1496.487,1472.001,1488.905
2020-07-03,1494.734,1499.218,1461.28,1491.677
2020-07-06,1504.336,1619.992,1504.336,1612.446
2020-07-07,1627.761,1689.223,1627.761,1637.413
2020-07-08,1636.911,1676.976,1632.084,1665.073
2020-07-09,1658.175,1746.644,1658.175,1730.011
2020-07-10,1717.279,1751.052,1708.059,1722.607
2020-07-13,1719.314,1809.819,1719.314,1809.819
2020-07-14,1801.99,1813.033,1741.624,1799.129
2020-07-15,1803.422,1803.422,1699.97,1699.97
2020-07-16,1689.911,1689.911,1532.25,1538.399
2020-07-17,1543.117,1561.485,1500.204,1509.368
2020-07-20,1528.436,1528.436,1446.149,1527.127
2020-07-21,1520.003,1567.171,1520.003,1552.938
2020-07-22,1536.9,1583.223,1536.9,1559.404
2020-07-23,1546.805,1568.62,1516.565,1549.269
2020-07-24,1518.941,1527.084,1437.797,1437.797
2020-07-27,1445.583,1450.748,1414.47,1426.609
2020-07-28,1440.702,1455.776,1433.403,1452.443
2020-07-29,1457.375,1545.913,1456.604,1545.913
2020-07-30,1554.051,1570.939,1543.26,1544.231
2020-07-31,1538.812,1592.471,1538.812,1588.826
2020-08-03,1613.308,1686.993,1613.308,1682.141
2020-08-04,1684.832,1687.384,1627.216,1637.905
2020-08-05,1679.607,1679.607,1637.463,1665.379
2020-08-06,1652.467,1664.635,1632.243,1647.546
2020-08-07,1635.714,1635.714,1549.548,1585.588
2020-08-10,1575.513,1619.024,1575.298,1599.87
2020-08-11,1593.367,1602.851,1550.305,1550.305
2020-08-12,1545.142,1545.142,1488.455,1523.403
2020-08-13,1533.751,1540.953,1521.898,1526.026
2020-08-14,1524.926,1542.882,1513.38,1541.696
2020-08-17,1547.158,1554.893,1526.903,1552.305
2020-08-18,1551.931,1562.765,1543.615,1562.406
2020-08-19,1564.477,1564.477,1506.858,1506.858
2020-08-20,1494.788,1512.168,1482.691,1483.389
2020-08-21,1494.116,1509.632,1484.026,1488.796
2020-08-24,1493.786,1498.471,1464.069,1490.895
2020-08-25,1490.786,1497.577,1464.677,1466.379
2020-08-26,1460.033,1465.07,1410.329,1417.475
2020-08-27,1423.411,1473.963,1417.951,1466.229
2020-08-28,1460.294,1461.542,1439.378,1458.404
2020-08-31,1464.015,1487.774,1464.015,1468.217
2020-09-01,1467.857,1475.802,1462.476,1466.221
2020-09-02,1471.838,1472.231,1447.293,1455.944
2020-09-03,1453.708,1458.541,1435.649,1439.2
2020-09-04,1414.551,1440.259,1414.551,1438.152
2020-09-07,1434.566,1445.818,1395.537,1399.106
2020-09-08,1398.901,1398.901,1368.365,1384.107
2020-09-09,1368.408,1368.408,1323.073,1332.405
2020-09-10,1347.463,1356.405,1312.235,1318.072
2020-09-11,1318.589,1351.068,1314.544,1351.068
2020-09-14,1376.882,1407.642,1376.056,1386.526
2020-09-15,1387.222,1411.651,1372.567,1404.261
2020-09-16,1400.044,1403.867,1377.586,1383.299
2020-09-17,1379.613,1429.115,1373.079,1419.781
2020-09-18,1420.877,1438.641,1417.797,1438.641
2020-09-21,1442.901,1446.824,1425.773,1429.382
2020-09-22,1419.205,1434.023,1410.752,1418.885
2020-09-23,1431.044,1465.595,1431.044,1451.95
2020-09-24,1438.263,1438.542,1417.924,1420.405
2020-09-25,1426.781,1426.781,1385.326,1387.505
2020-09-28,1388.998,1388.998,1359.625,1361.628
2020-09-29,1370.522,1420.545,1370.522,1407.146
2020-09-30,1411.083,1438.389,1411.083,1425.868
2020-10-09,1455.145,1473.196,1455.145,1472.365
2020-10-12,1481.715,1512.121,1481.715,1511.665
2020-10-13,1508.283,1512.883,1501.96,1512.002
2020-10-14,1509.214,1509.214,1488.971,1492.898
2020-10-15,1492.664,1495.087,1462.48,1463.182
2020-10-16,1474.73,1474.73,1441.546,1452.125
2020-10-19,1458.238,1458.238,1437.925,1438.405
2020-10-20,1432.087,1437.953,1412.878,1437.953
2020-10-21,1437.172,1437.172,1407.181,1408.239
2020-10-22,1404.59,1404.59,1389.013,1389.013
2020-10-23,1390.666,1395.368,1347.965,1347.965
2020-10-26,1342.181,1366.954,1326.38,1363.384
2020-10-27,1365.089,1392.888,1365.089,1392.888
2020-10-28,1400.805,1410.307,1392.937,1404.302
2020-10-29,1389.303,1418.314,1389.303,1411.71
2020-10-30,1418.983,1442.917,1401.111,1401.111
2020-11-02,1411.392,1413.428,1373.77,1402.918
2020-11-03,1406.829,1452.857,1406.829,1451.269
2020-11-04,1456.157,1456.157,1443.194,1450.895
2020-11-05,1475.668,1475.668,1451.9,1469.636
2020-11-06,1473.641,1473.641,1437.156,1446.277
2020-11-09,1459.015,1514.372,1459.015,1504.712
2020-11-10,1498.079,1498.079,1464.053,1465.231
2020-11-11,1462.254,1462.254,1407.761,1407.761
2020-11-12,1421.058,1430.954,1414.363,1416.895
2020-11-13,1409.694,1435.544,1402.109,1432.774
2020-11-16,1481.218,1481.218,1432.232,1433.078
2020-11-17,1440.307,1440.307,1405.249,1417.915
2020-11-18,1417.716,1426.177,1408.623,1412.303
2020-11-19,1406.495,1428.765,1404.205,1428.342
2020-11-20,1426.756,1429.103,1419.41,1421.405
2020-11-23,1420.579,1420.579,1400.502,1410.666
2020-11-24,1404.16,1420.143,1404.16,1410.233
2020-11-25,1413.242,1414.326,1394.522,1394.604
2020-11-26,1393.742,1406.607,1388.518,1391.142
2020-11-27,1391.237,1405.331,1389.551,1396.947
2020-11-30,1405.167,1415.831,1398.802,1403.851
2020-12-01,1404.713,1428.295,1404.713,1425.689
2020-12-02,1431.515,1449.264,1431.515,1443.458
2020-12-03,1443.826,1454.66,1436.056,1445.388
2020-12-04,1442.192,1444.217,1431.699,1437.958
2020-12-07,1453.562,1456.393,1439.509,1441.378
2020-12-08,1440.159,1443.343,1435.664,1436.423
2020-12-09,1436.377,1436.377,1406.11,1406.11
2020-12-10,1403.298,1424.163,1403.298,1416.853
2020-12-11,1417.943,1425.362,1407.975,1422.535
2020-12-14,1424.824,1440.445,1418.278,1436.385
2020-12-15,1437.061,1445.684,1426.61,1432.21
2020-12-16,1427.506,1427.506,1412.579,1413.491
2020-12-17,1413.174,1430.245,1407.056,1429.887
2020-12-18,1446.299,1446.299,1426.138,1428.434
2020-12-21,1428.305,1457.455,1428.305,1457.079
2020-12-22,1452.905,1462.638,1435.484,1437.262
2020-12-23,1437.031,1449.9,1434.8,1449.9
2020-12-24,1451.498,1453.517,1420.361,1420.361
2020-12-25,1419.693,1429.263,1415.961,1426.716
2020-12-28,1424.004,1424.004,1407.538,1410.879
2020-12-29,1410.589,1422.166,1405.535,1405.551
2020-12-30,1404.726,1432.263,1404.726,1426.439
2020-12-31,1432.518,1471.39,1432.518,1471.294
2021-01-04,1475.485,1503.167,1473.564,1501.69
2021-01-05,1493.168,1508.905,1493.168,1507.784
2021-01-06,1511.986,1513.491,1491.368,1494.598
2021-01-07,1493.741,1493.741,1439.298,1449.147
2021-01-08,1449.651,1453.085,1434.689,1443.646
2021-01-11,1450.129,1471.615,1444.042,1454.111
2021-01-12,1453.941,1465.151,1449.276,1463.909
2021-01-13,1469.887,1469.887,1447.744,1460.897
2021-01-14,1457.701,1534.947,1457.701,1507.272
2021-01-15,1508.653,1522.931,1497.156,1509.013
2021-01-18,1506.23,1557.397,1502.935,1544.389
2021-01-19,1544.472,1544.472,1512.022,1512.022
2021-01-20,1519.45,1548.876,1518.629,1548.876
2021-01-21,1554.427,1574.694,1548.623,1568.092
2021-01-22,1565.572,1579.87,1547.82,1579.305
2021-01-25,1576.189,1606.058,1567.87,1593.268
2021-01-26,1592.943,1597.311,1566.39,1570.631
2021-01-27,1572.742,1572.742,1530.856,1540.8
2021-01-28,1522.077,1546.127,1504.953,1504.953
2021-01-29,1518.664,1519.926,1482.247,1504.435
2021-02-01,1499.48,1515.883,1495.822,1503.501
2021-02-02,1505.767,1515.755,1499.735,1515.755
2021-02-03,1512.514,1518.913,1490.126,1490.126
2021-02-04,1481.924,1481.924,1444.463,1471.346
2021-02-05,1472.144,1487.128,1449.653,1449.653
2021-02-08,1451.769,1465.546,1447.768,1459.584
2021-02-09,1463.453,1511.925,1463.453,1511.689
2021-02-10,1508.852,1530.235,1501.788,1529.329
2021-02-18,1548.12,1548.12,1520.369,1520.717
2021-02-19,1515.067,1519.102,1494.503,1518.605
2021-02-22,1522.315,1525.236,1475.708,1476.192
2021-02-23,1459.403,1488.953,1459.403,1476.196
2021-02-24,1479.619,1479.619,1441.643,1446.929
2021-02-25,1457.249,1457.249,1440.58,1440.96
2021-02-26,1409.746,1428.71,1409.746,1421.584
2021-03-01,1436.798,1455.259,1435.321,1455.226
2021-03-02,1467.004,1467.004,1441.721,1448.877
2021-03-03,1445.68,1456.858,1439.249,1456.858
2021-03-04,1453.128,1453.128,1418.636,1419.26
2021-03-05,1398.291,1430.243,1398.291,1423.106
2021-03-08,1430.994,1432.029,1372.112,1372.112
2021-03-09,1369.89,1369.89,1319.859,1326.849
2021-03-10,1348.899,1349.6,1329.928,1336.401
2021-03-11,1341.511,1375.437,1332.732,1370.141
2021-03-12,1371.465,1371.465,1354.871,1356.189
2021-03-15,1348.913,1348.913,1305.11,1314.001
2021-03-16,1315.285,1321.109,1303.727,1314.172
2021-03-17,1313.382,1331.712,1307.917,1331.256
2021-03-18,1335.573,1349.418,1335.573,1340.736
2021-03-19,1326.645,1342.987,1324.549,1331.292
2021-03-22,1329.629,1348.256,1329.629,1346.257
2021-03-23,1350.458,1353.108,1331.797,1334.096
2021-03-24,1326.861,1342.937,1317.873,1319.098
2021-03-25,1309.808,1328.421,1307.498,1316.639
2021-03-26,1321.498,1354.418,1321.498,1353.509
2021-03-29,1358.499,1358.699,1346.918,1347.551
2021-03-30,1345.756,1356.897,1343.154,1345.204
2021-03-31,1344.274,1349.824,1334.292,1345.209
2021-04-01,1346.353,1365.565,1346.353,1362.222
2021-04-02,1369.763,1396.644,1369.763,1394.609
2021-04-06,1398.739,1398.739,1387.429,1391.338
2021-04-07,1390.756,1391.67,1377.557,1390.373
2021-04-08,1386.574,1396.169,1379.831,1387.608
2021-04-09,1385.439,1388.627,1364.702,1365.082
2021-04-12,1362.419,1370.162,1333.351,1335.868
2021-04-13,1337.021,1352.939,1336.541,1337.677
2021-04-14,1339.105,1352.368,1339.105,1349.472
2021-04-15,1345.644,1355.281,1338.565,1355.281
2021-04-16,1356.702,1373.719,1349.999,1370.511
2021-04-19,1368.939,1401.636,1368.939,1400.528
2021-04-20,1397.418,1403.677,1391.115,1391.115
2021-04-21,1384.22,1396.466,1379.071,1391.83
2021-04-22,1392.943,1411.932,1392.943,1411.177
2021-04-23,1408.661,1424.871,1408.661,1418.04
2021-04-26,1422.591,1442.133,1420.263,1420.263
2021-04-27,1415.673,1420.908,1403.129,1416.969
2021-04-28,1423.123,1431.33,1407.577,1431.04
2021-04-29,1428.641,1440.202,1417.283,1424.133
2021-04-30,1426.281,1435.482,1422.75,1431.725
2021-05-06,1427.913,1427.913,1397.453,1410.345
2021-05-07,1412.573,1412.573,1358.992,1358.992
2021-05-10,1357.77,1363.342,1348.135,1353.317
2021-05-11,1341.137,1360.472,1335.965,1356.637
2021-05-12,1352.548,1379.702,1351.019,1377.984
2021-05-13,1363.952,1394.276,1363.952,1380.754
2021-05-14,1381.291,1407.601,1381.291,1407.179
2021-05-17,1410.466,1444.765,1410.466,1436.786
2021-05-18,1437.236,1437.236,1423.993,1431.791
2021-05-19,1429.15,1440.377,1429.15,1432.641
2021-05-20,1429.079,1446.945,1429.079,1439.652
2021-05-21,1444.266,1444.266,1421.602,1422.795
2021-05-24,1421.803,1439.833,1410.775,1438.294
2021-05-25,1438.08,1484.379,1438.08,1483.551
2021-05-26,1485.85,1486.407,1476.404,1479.736
2021-05-27,1476.333,1515.863,1476.333,1515.863
2021-05-28,1511.869,1522.659,1486.705,1491.122
2021-05-31,1500.424,1553.998,1500.424,1553.998
2021-06-01,1551.167,1582.386,1551.167,1579.701
2021-06-02,1578.543,1578.543,1538.615,1539.473
2021-06-03,1537.637,1547.385,1521.801,1522.178
2021-06-04,1513.811,1545.896,1513.811,1534.418
2021-06-07,1543.509,1549.229,1532.797,1540.878
2021-06-08,1550.547,1550.547,1522.806,1526.981
2021-06-09,1527.63,1546.528,1527.63,1536.842
2021-06-10,1537.923,1570.368,1537.923,1567.079
2021-06-11,1570.407,1578.288,1557.267,1560.388
2021-06-15,1563.471,1588.709,1560.151,1569.877
2021-06-16,1574.24,1574.24,1527.961,1528.158
2021-06-17,1529.837,1596.605,1529.837,1595.61
2021-06-18,1597.015,1622.241,1597.015,1618.375
2021-06-21,1609.899,1664.253,1609.899,1664.253
2021-06-22,1668.299,1671.055,1653.42,1663.284
2021-06-23,1668.611,1690.185,1661.32,1673.054
2021-06-24,1671.802,1672.661,1637.764,1642.329
2021-06-25,1642.633,1673.975,1642.633,1673.417
2021-06-28,1677.807,1721.889,1677.807,1704.846
2021-06-29,1709.037,1719.609,1690.269,1701.997
2021-06-30,1704.085,1738.747,1704.085,1726.906
2021-07-01,1728.496,1742.864,1719.305,1725.468
2021-07-02,1708.585,1708.585,1672.104,1676.265
2021-07-05,1683.954,1718.777,1683.954,1718.233
2021-07-06,1725.309,1725.91,1651.865,1675.889
2021-07-07,1662.589,1714.253,1662.345,1710.969
2021-07-08,1716.229,1745.038,1716.229,1740.191
2021-07-09,1729.343,1729.343,1694.213,1716.894
2021-07-12,1725.987,1747.265,1714.799,1742.041
2021-07-13,1741.966,1758.209,1715.535,1731.219
2021-07-14,1722.101,1734.163,1708.672,1708.672
2021-07-15,1701.115,1715.468,1690.153,1715.468
2021-07-16,1723.624,1723.624,1687.294,1687.294
2021-07-19,1675.604,1689.154,1667.809,1676.507
2021-07-20,1665.778,1684.484,1664.148,1682.737
2021-07-21,1688.407,1735.177,1688.407,1729.407
2021-07-22,1737.13,1752.425,1721.722,1752.247
2021-07-23,1759.507,1759.507,1720.462,1732.428
2021-07-26,1729.237,1731.677,1664.09,1716.063
2021-07-27,1715.713,1786.137,1700.679,1700.679
2021-07-28,1686.744,1702.955,1649.118,1667.47
2021-07-29,1702.984,1755.564,1702.984,1747.672
2021-07-30,1738.813,1769.879,1732.06,1756.417
2021-08-02,1757.757,1774.549,1738.636,1766.324
2021-08-03,1754.305,1756.436,1724.775,1727.043
2021-08-04,1727.916,1768.817,1727.916,1768.275
2021-08-05,1764.31,1781.314,1756.291,1768.934
2021-08-06,1786.274,1786.274,1740.729,1754.847
2021-08-09,1738.822,1759.061,1725.795,1754.477
2021-08-10,1754.299,1771.707,1754.299,1771.707
2021-08-11,1774.051,1778.048,1753.636,1764.435
2021-08-12,1757.702,1789.354,1757.702,1777.036
2021-08-13,1771.358,1775.439,1741.985,1744.03
2021-08-16,1737.426,1754.966,1727.497,1740.635
2021-08-17,1735.527,1736.22,1685.905,1687.756
2021-08-18,1693.182,1709.769,1683.123,1690.606
2021-08-19,1690.776,1729.781,1690.776,1722.068
2021-08-20,1714.416,1722.361,1682.625,1698.685
2021-08-23,1703.206,1749.378,1701.783,1748.713
2021-08-24,1751.198,1768.246,1733.024,1759.389
2021-08-25,1758.203,1758.203,1735.421,1742.754
2021-08-26,1746.17,1746.17,1699.252,1699.252
2021-08-27,1696.579,1707.607,1684.565,1686.951
2021-08-30,1694.068,1716.162,1674.718,1682.499
2021-08-31,1674.966,1674.966,1633.236,1648.856
2021-09-01,1649.415,1649.415,1607.513,1628.786
2021-09-02,1621.208,1628.108,1605.647,1610.032
2021-09-03,1609.432,1625.691,1593.528,1607.057
2021-09-06,1603.982,1649.926,1603.982,1647.932
2021-09-07,1644.962,1651.48,1644.462,1650.28
2021-09-08,1650.336,1650.336,1621.905,1624.237
2021-09-09,1625.017,1630.555,1598.291,1607.56
2021-09-10,1606.009,1631.177,1596.61,1629.571
2021-09-13,1627.031,1627.031,1585.151,1585.151
2021-09-14,1583.241,1614.09,1583.241,1593.834
2021-09-15,1593.209,1593.209,1579.461,1586.314
2021-09-16,1581.092,1581.092,1543.57,1546.109
2021-09-17,1546.55,1558.078,1525.813,1547.004
2021-09-22,1532.505,1553.637,1532.505,1548.54
2021-09-23,1555.209,1570.157,1549.224,1559.84
2021-09-24,1558.352,1585.992,1558.352,1568.982
2021-09-27,1577.268,1586.16,1546.963,1558.393
2021-09-28,1553.72,1569.534,1541.604,1542.212
2021-09-29,1535.847,1536.58,1518.97,1521.829
2021-09-30,1527.017,1552.935,1527.017,1550.229
2021-10-08,1561.58,1566.036,1539.806,1543.114
2021-10-11,1546.549,1553.975,1526.002,1526.923
2021-10-12,1525.774,1525.774,1487.127,1494.608
2021-10-13,1497.81,1530.972,1497.81,1528.86
2021-10-14,1531.895,1541.852,1526.362,1534.985
2021-10-15,1536.754,1550.907,1533.52,1547.822
2021-10-18,1549.257,1549.257,1528.91,1541.856
2021-10-19,1543.667,1560.139,1543.667,1556.984
2021-10-20,1560.132,1569.683,1556.707,1562.938
2021-10-21,1562.929,1565.09,1542.256,1545.652
2021-10-22,1548.473,1559.07,1541.643,1548.318
2021-10-25,1553.406,1574.002,1549.57,1574.002
2021-10-26,1574.398,1580.443,1566.215,1568.4
2021-10-27,1564.722,1564.722,1542.251,1547.215
2021-10-28,1541.201,1549.927,1533.499,1533.914
2021-10-29,1538.697,1585.192,1538.697,1583.425
2021-11-01,1581.862,1604.559,1580.248,1587.516
2021-11-02,1588.383,1604.59,1573.521,1581.934
2021-11-03,1584.291,1592.252,1559.408,1575.115
2021-11-04,1580.881,1604.493,1580.881,1597.06
2021-11-05,1601.467,1601.467,1581.233,1581.233
2021-11-08,1581.928,1581.928,1566.058,1580.238
2021-11-09,1587.063,1605.714,1587.063,1603.858
2021-11-10,1598.451,1607.794,1587.659,1607.571
2021-11-11,1605.562,1632.243,1605.562,1627.915
2021-11-12,1627.928,1647.751,1627.81,1644.556
2021-11-15,1645.857,1650.649,1638.459,1639.995
2021-11-16,1634.933,1644.963,1625.886,1627.035
2021-11-17,1627.351,1651.209,1624.073,1650.546
2021-11-18,1649.21,1649.21,1635.618,1636.938
2021-11-19,1637.142,1664.109,1637.142,1662.144
2021-11-22,1666.081,1702.986,1666.081,1701.053
2021-11-23,1699.502,1706.494,1698.068,1699.619
2021-11-24,1700.557,1705.239,1691.656,1692.279
2021-11-25,1691.786,1701.104,1691.786,1693.188
2021-11-26,1692.193,1692.656,1678.703,1688.794
2021-11-29,1675.756,1700.396,1675.756,1695.105
2021-11-30,1701.728,1706.812,1692.482,1702.867
2021-12-01,1702.555,1702.555,1679.781,1681.618
2021-12-02,1678.477,1678.477,1648.383,1648.854
2021-12-03,1650.953,1662.499,1650.953,1662.476
2021-12-06,1663.922,1663.922,1620.922,1620.922
2021-12-07,1628.243,1628.243,1588.485,1600.149
2021-12-08,1607.845,1632.91,1607.845,1632.413
2021-12-09,1633.478,1655.456,1629.34,1652.963
2021-12-10,1647.948,1674.171,1647.948,1666.995
2021-12-13,1670.94,1681.916,1669.727,1677.551
2021-12-14,1675.732,1684.831,1674.327,1677.005
2021-12-15,1677.761,1679.77,1658.361,1658.361
2021-12-16,1661.377,1666.819,1659.021,1664.592
2021-12-17,1664.098,1664.098,1627.125,1628.649
2021-12-20,1619.377,1630.753,1595.315,1595.323
2021-12-21,1597.194,1609.552,1592.511,1608.232
2021-12-22,1612.03,1623.842,1610.109,1616.226
2021-12-23,1617.342,1619.011,1609.922,1611.973
2021-12-24,1610.909,1610.909,1585.933,1587.759
2021-12-27,1585.2,1591.199,1573.216,1581.277
2021-12-28,1582.649,1600.595,1582.649,1600.197
2021-12-29,1601.446,1601.446,1585.528,1588.316
2021-12-30,1590.728,1617.667,1590.728,1612.141
2021-12-31,1621.254,1634.815,1621.254,1633.479
2022-01-04,1637.335,1637.335,1601.233,1603.786
2022-01-05,1603.042,1603.042,1561.202,1567.267
2022-01-06,1561.175,1567.328,1544.696,1559.463
2022-01-07,1561.6,1566.841,1534.625,1534.675
2022-01-10,1537.293,1554.257,1523.286,1548.283
2022-01-11,1548.257,1548.257,1517.002,1519.249
2022-01-12,1523.287,1545.17,1523.287,1545.17
2022-01-13,1547.376,1547.376,1518.089,1518.089
2022-01-14,1513.506,1547.071,1513.506,1541.965
2022-01-17,1546.208,1572.907,1546.208,1568.755
2022-01-18,1569.559,1582.907,1560.882,1561.866
2022-01-19,1559.832,1559.832,1538.365,1543.991
2022-01-20,1545.188,1545.7,1510.901,1511.684
2022-01-21,1508.679,1508.679,1484.76,1485.134
2022-01-24,1478.612,1504.159,1478.612,1500.394
2022-01-25,1494.712,1496.684,1455.172,1455.172
2022-01-26,1460.237,1466.179,1441.356,1455.85
2022-01-27,1455.521,1455.521,1413.78,1414.188
2022-01-28,1423.528,1425.097,1399.892,1404.029
2022-02-07,1422.968,1430.734,1404.214,1407.743
2022-02-08,1407.301,1407.301,1369.315,1384.57
2022-02-09,1384.636,1394.919,1376.394,1394.611
2022-02-10,1398.292,1398.292,1365.483,1369.674
2022-02-11,1363.796,1363.796,1338.075,1338.517
2022-02-14,1329.963,1347.032,1328.302,1335.338
2022-02-15,1339.114,1372.067,1339.114,1371.307
2022-02-16,1378.289,1379.815,1369.645,1371.003
2022-02-17,1370.096,1390.945,1370.096,1380.189
2022-02-18,1372.87,1373.992,1365.861,1373.831
2022-02-21,1375.889,1377.4,1365.201,1367.487
2022-02-22,1359.087,1359.087,1337.692,1356.415
2022-02-23,1356.159,1414.011,1356.159,1412.19
2022-02-24,1409.096,1422.689,1373.314,1388.672
2022-02-25,1406.531,1431.445,1406.531,1418.759
2022-02-28,1423.815,1431.967,1413.52,1431.967
2022-03-01,1438.52,1438.52,1418.651,1424.18
2022-03-02,1419.055,1419.055,1401.906,1416.874
2022-03-03,1422.548,1422.548,1393.177,1393.221
2022-03-04,1384.655,1412.626,1383.178,1386.883
2022-03-07,1381.545,1381.545,1345.588,1350.127
2022-03-08,1348.773,1359.807,1316.036,1316.036
2022-03-09,1325.109,1328.407,1261.466,1301.783
2022-03-10,1337.858,1347.72,1329.217,1329.633
2022-03-11,1314.58,1342.052,1301.217,1341.78
2022-03-14,1336.186,1336.186,1298.272,1298.272
2022-03-15,1286.264,1305.904,1251.335,1251.335
2022-03-16,1273.969,1289.377,1227.299,1288.359
2022-03-17,1308.878,1333.129,1308.878,1313.228
2022-03-18,1308.375,1311.989,1294.569,1311.989
2022-03-21,1313.159,1330.813,1313.159,1326.035
2022-03-22,1321.72,1321.72,1305.06,1307.393
2022-03-23,1312.141,1324.835,1304.11,1317.262
2022-03-24,1310.009,1310.009,1290.674,1302.272
2022-03-25,1303.993,1307.448,1273.052,1273.052
2022-03-28,1266.097,1268.233,1252.51,1257.338
2022-03-29,1264.199,1268.086,1243.445,1243.565
2022-03-30,1250.331,1280.585,1250.331,1280.585
2022-03-31,1277.718,1277.718,1257.842,1260.836
2022-04-01,1255.984,1262.114,1245.595,1258.014
2022-04-06,1257.057,1257.057,1227.912,1232.73
2022-04-07,1225.953,1226.564,1204.962,1204.962
2022-04-08,1204.168,1206.129,1183.817,1192.592
2022-04-11,1188.718,1188.718,1143.867,1146.549
2022-04-12,1147.006,1156.886,1127.106,1156.886
2022-04-13,1152.539,1152.539,1127.069,1127.069
2022-04-14,1134.383,1149.509,1126.998,1142.001
2022-04-15,1134.653,1138.054,1119.284,1132.939
2022-04-18,1127.971,1166.006,1125.124,1165.044
2022-04-19,1162.975,1167.767,1144.693,1147.147
2022-04-20,1147.043,1148.919,1130.913,1131.709
2022-04-21,1127.084,1143.728,1103.232,1105.467
2022-04-22,1101.779,1105.268,1087.774,1089.001
2022-04-25,1073.386,1073.386,1016.569,1016.569
2022-04-26,1019.353,1034.434,996.999,998.222
2022-04-27,987.29,1049.017,981.436,1048.197
2022-04-28,1039.654,1047.443,1027.041,1037.096
2022-04-29,1040.602,1085.005,1037.724,1083.877
2022-05-05,1081.909,1108.204,1081.909,1095.137
2022-05-06,1069.579,1097.613,1069.579,1082.392
2022-05-09,1078.968,1095.576,1078.968,1088.779
2022-05-10,1077.105,1125.386,1077.105,1119.124
2022-05-11,1121.512,1173.503,1121.512,1145.839
2022-05-12,1141.621,1160.059,1141.621,1154.451
2022-05-13,1160.43,1160.43,1144.631,1153.7
2022-05-16,1160.777,1168.178,1141.743,1142.623
2022-05-17,1142.093,1160.021,1137.388,1157.733
2022-05-18,1159.063,1170.541,1159.063,1163.879
2022-05-19,1150.303,1190.157,1150.303,1190.157
2022-05-20,1196.326,1203.345,1186.238,1203.345
2022-05-23,1204.817,1208.74,1193.066,1207.918
2022-05-24,1207.419,1207.419,1153.553,1153.553
2022-05-25,1153.622,1164.204,1150.237,1163.524
2022-05-26,1163.756,1169.614,1143.829,1161.146
2022-05-27,1166.06,1171.872,1147.213,1153.285
2022-05-30,1157.872,1169.975,1149.382,1168.443
2022-05-31,1172.462,1205.505,1160.42,1205.505
2022-06-01,1201.939,1220.952,1201.939,1215.318
2022-06-02,1213.346,1273.53,1213.346,1272.783
2022-06-06,1280.295,1333.051,1280.295,1323.144
2022-06-07,1324.909,1324.909,1301.213,1309.507
2022-06-08,1306.509,1322.324,1282.645,1303.824
2022-06-09,1302.024,1302.024,1264.422,1270.592
2022-06-10,1263.251,1293.846,1263.251,1293.846
2022-06-13,1281.375,1293.92,1279.258,1288.171
2022-06-14,1274.114,1274.114,1229.739,1265.815
2022-06-15,1265.412,1283.95,1254.868,1256.856
2022-06-16,1259.475,1296.001,1259.475,1281.584
2022-06-17,1273.161,1299.709,1270.195,1298.233
2022-06-20,1305.117,1318.098,1297.609,1304.129
2022-06-21,1304.74,1304.74,1275.81,1286.074
2022-06-22,1288.1,1289.367,1266.891,1266.891
2022-06-23,1268.325,1296.155,1260.13,1296.155
2022-06-24,1300.951,1322.942,1300.951,1313.908
2022-06-27,1323.721,1328.24,1313.306,1318.996
2022-06-28,1321.51,1331.835,1299.255,1331.835
2022-06-29,1326.246,1332.731,1296.808,1297.003
2022-06-30,1298.71,1327.885,1296.482,1316.299
2022-07-01,1317.903,1317.903,1295.586,1299.371
2022-07-04,1298.307,1315.91,1284.513,1315.016
2022-07-05,1317.42,1318.448,1288.646,1303.014
2022-07-06,1302.705,1325.724,1299.575,1311.706
2022-07-07,1313.852,1319.656,1293.219,1317.89
2022-07-08,1324.908,1326.679,1311.812,1312.62
2022-07-11,1308.167,1308.167,1279.928,1291.73
2022-07-12,1291.194,1291.194,1250.006,1250.006
2022-07-13,1252.134,1263.44,1241.406,1255.603
2022-07-14,1255.692,1296.096,1255.692,1288.466
2022-07-15,1285.943,1304.481,1281.682,1281.682
2022-07-18,1285.257,1288.668,1267.197,1286.575
2022-07-19,1286.713,1294.524,1275.872,1284.961
2022-07-20,1289.141,1307.723,1289.141,1306.343
2022-07-21,1306.488,1337.075,1306.488,1320.363
2022-07-22,1324.661,1328.324,1304.795,1313.259
2022-07-25,1313.529,1324.322,1298.241,1300.245
2022-07-26,1299.304,1313.156,1289.075,1313.037
2022-07-27,1312.428,1340.027,1312.428,1339.689
2022-07-28,1346.807,1367.571,1345.293,1359.709
2022-07-29,1365.691,1365.691,1343.77,1344.652
2022-08-01,1338.684,1356.791,1322.411,1356.791
2022-08-02,1339.964,1353.213,1320.519,1339.203
2022-08-03,1343.116,1371.042,1339.964,1340.085
2022-08-04,1346.94,1357.383,1338.055,1351.539
2022-08-05,1356.03,1397.81,1356.03,1397.745
2022-08-08,1400.618,1406.515,1388.312,1405.998
2022-08-09,1403.717,1421.135,1396.609,1420.836
2022-08-10,1414.751,1432.138,1414.751,1425.093
2022-08-11,1432.466,1443.808,1422.135,1441.722
2022-08-12,1438.253,1438.253,1406.315,1406.315
2022-08-15,1403.845,1416.406,1403.845,1409.754
2022-08-16,1410.059,1425.793,1406.557,1408.858
2022-08-17,1409.904,1412.798,1402.212,1406.604
2022-08-18,1405.68,1430.212,1405.68,1429.329
2022-08-19,1429.663,1435.253,1384.544,1384.544
2022-08-22,1379.569,1386.939,1374.359,1386.011
2022-08-23,1385.623,1396.244,1385.357,1387.936
2022-08-24,1390.649,1390.649,1333.738,1333.738
2022-08-25,1336.897,1336.897,1300.687,1312.806
2022-08-26,1320.469,1329.01,1297.01,1299.317
2022-08-29,1283.397,1320.906,1283.397,1314.747
2022-08-30,1315.027,1319.601,1304.089,1306.204
2022-08-31,1303.859,1303.859,1270.078,1271.912
2022-09-01,1274.607,1283.522,1267.994,1268.496
2022-09-02,1270.037,1287.459,1265.082,1280.081
2022-09-05,1281.742,1290.782,1270.432,1276.748
2022-09-06,1280.282,1299.566,1269.491,1299.566
2022-09-07,1295.474,1332.063,1295.474,1319.008
2022-09-08,1319.052,1323.477,1303.856,1303.856
2022-09-09,1303.548,1303.548,1283.706,1294.626
2022-09-13,1296.959,1306.249,1292.09,1296.392
2022-09-14,1280.029,1294.24,1279.984,1293.829
2022-09-15,1297.946,1297.946,1236.302,1248.419
2022-09-16,1245.675,1268.217,1243.332,1243.332
2022-09-19,1243.267,1246.104,1213.341,1217.663
2022-09-20,1223.934,1244.724,1222.007,1230.388
2022-09-21,1227.709,1230.429,1214.605,1216.341
2022-09-22,1210.174,1239.064,1210.174,1224.383
2022-09-23,1224.756,1224.756,1192.323,1196.863
2022-09-26,1190.294,1216.874,1190.294,1197.021
2022-09-27,1200.118,1222.24,1200.118,1222.24
2022-09-28,1220.799,1221.022,1190.522,1190.522
2022-09-29,1198.402,1209.908,1191.71,1200.862
2022-09-30,1197.52,1197.52,1170.606,1170.606
2022-10-10,1167.186,1167.186,1120.864,1123.339
2022-10-11,1124.746,1128.591,1116.537,1119.176
2022-10-12,1118.123,1162.16,1102.001,1162.16
2022-10-13,1155.375,1186.264,1155.375,1173.697
2022-10-14,1186.917,1221.529,1181.745,1217.805
2022-10-17,1214.947,1234.568,1214.947,1233.936
2022-10-18,1238.205,1246.125,1227.042,1238.814
2022-10-19,1236.303,1240.259,1227.012,1227.012
2022-10-20,1221.988,1252.465,1211.132,1236.016
2022-10-21,1235.632,1250.536,1224.962,1245.977
2022-10-24,1247.956,1269.304,1237.185,1242.795
2022-10-25,1236.766,1251.87,1221.447,1239.819
2022-10-26,1241.853,1285.118,1241.853,1280.36
2022-10-27,1284.392,1291.401,1266.416,1266.416
2022-10-28,1254.592,1274.033,1237.797,1240.418
2022-10-31,1235.688,1268.015,1235.688,1256.021
2022-11-01,1258.332,1279.541,1246.128,1277.819
2022-11-02,1276.247,1313.035,1276.247,1302.585
2022-11-03,1292.167,1322.596,1292.167,1321.402
2022-11-04,1324.75,1348.283,1322.338,1343.537
2022-11-07,1341.519,1347.806,1327.653,1331.447
2022-11-08,1332.606,1332.606,1312.903,1322.394
2022-11-09,1321.673,1328.504,1311.116,1311.513
2022-11-10,1306.983,1314.648,1287.805,1289.325
2022-11-11,1323.829,1323.829,1288.131,1288.131
2022-11-14,1285.835,1291.853,1274.512,1281.411
2022-11-15,1281.469,1320.459,1281.469,1320.459
2022-11-16,1322.886,1322.886,1301.341,1303.85
2022-11-17,1298.676,1312.655,1282.007,1312.655
2022-11-18,1311.215,1321.949,1301.065,1301.807
2022-11-21,1295.379,1308.81,1290.633,1308.81
2022-11-22,1306.08,1306.08,1278.384,1282.574
2022-11-23,1280.975,1283.42,1249.557,1278.764
2022-11-24,1281.225,1288.097,1274.411,1279.345
2022-11-25,1276.431,1276.431,1255.282,1255.289
2022-11-28,1237.88,1252.288,1237.88,1246.176
2022-11-29,1248.58,1261.023,1245.877,1255.958
2022-11-30,1255.226,1255.226,1241.571,1248.274
2022-12-01,1260.406,1270.292,1258.076,1266.248
2022-12-02,1262.956,1286.717,1262.956,1272.843
2022-12-05,1280.669,1280.669,1261.562,1267.58
2022-12-06,1264.761,1278.703,1260.3,1268.065
2022-12-07,1265.156,1274.522,1261.101,1264.921
2022-12-08,1263.678,1264.721,1257.534,1258.267
2022-12-09,1260.081,1266.688,1254.369,1257.898
2022-12-12,1256.098,1267.873,1250.684,1264.121
2022-12-13,1262.69,1262.69,1239.609,1239.894
2022-12-14,1250.584,1250.584,1233.449,1234.282
2022-12-15,1234.043,1245.109,1234.043,1243.3
2022-12-16,1238.777,1238.777,1220.034,1223.362
2022-12-19,1220.27,1220.27,1194.968,1196.756
2022-12-20,1195.737,1197.935,1188.969,1191.12
2022-12-21,1190.152,1190.152,1170.322,1174.672
2022-12-22,1178.134,1178.134,1155.844,1158.327
2022-12-23,1152.442,1153.531,1142.526,1149.961
2022-12-26,1150.773,1187.818,1150.773,1187.645
2022-12-27,1189.026,1204.406,1181.994,1203.177
2022-12-28,1200.066,1200.43,1192.111,1193.097
2022-12-29,1191.363,1208.742,1191.363,1199.463
2022-12-30,1201.777,1207.567,1196.787,1196.787
2023-01-03,1197.324,1228.357,1196.096,1227.371
2023-01-04,1231.565,1231.565,1213.6,1221.553
2023-01-05,1222.583,1239.711,1220.885,1238.533
2023-01-06,1240.225,1258.792,1240.225,1247.327
2023-01-09,1251.458,1258.645,1247.057,1249.739
2023-01-10,1251.495,1257.351,1250.864,1253.791
2023-01-11,1254.118,1254.915,1233.285,1233.285
2023-01-12,1236.165,1239.212,1231.557,1234.376
2023-01-13,1236.925,1237.697,1230.463,1237.427
2023-01-16,1236.79,1270.731,1236.79,1261.539
2023-01-17,1265.697,1274.65,1265.697,1272.449
2023-01-18,1275.851,1277.876,1272.791,1275.031
2023-01-19,1272.901,1298.259,1272.901,1298.259
2023-01-20,1300.881,1307.512,1297.478,1301.938
2023-01-30,1316.979,1316.979,1305.264,1305.264
2023-01-31,1300.924,1302.242,1289.557,1289.657
2023-02-01,1292.069,1311.01,1290.876,1311.01
2023-02-02,1314.143,1331.067,1314.143,1321.18
2023-02-03,1319.21,1326.495,1306.89,1326.472
2023-02-06,1324.341,1328.87,1313.454,1318.589
2023-02-07,1318.579,1322.837,1311.614,1316.854
2023-02-08,1317.713,1321.43,1306.25,1306.25
2023-02-09,1302.863,1339.14,1302.863,1338.653
2023-02-10,1336.325,1338.969,1318.454,1325.555
2023-02-13,1322.773,1337.687,1322.773,1331.909
2023-02-14,1335.88,1335.88,1322.648,1330.56
2023-02-15,1330.4,1334.313,1323.431,1333.556
2023-02-16,1332.008,1336.457,1299.429,1301.88
2023-02-17,1299.961,1300.86,1277.691,1277.691
2023-02-20,1276.452,1289.512,1268.938,1288.712
2023-02-21,1289.063,1291.228,1277.509,1284.959
2023-02-22,1278.157,1287.85,1278.157,1285.835
2023-02-23,1285.215,1293.036,1283.411,1287.521
2023-02-24,1290.569,1294.737,1280.63,1283.101
2023-02-27,1280.235,1285.055,1271.816,1273.535
2023-02-28,1278.3,1280.939,1267.448,1279.31
2023-03-01,1279.262,1287.019,1274.416,1286.491
2023-03-02,1286.208,1287.145,1272.481,1272.969
2023-03-03,1278.114,1285.441,1266.846,1277.55
2023-03-06,1278.437,1301.123,1276.258,1297.862
2023-03-07,1296.584,1296.584,1270.319,1270.367
2023-03-08,1268.589,1279.446,1268.589,1277.52
2023-03-09,1278.035,1288.482,1278.035,1283.732
2023-03-10,1276.456,1287.599,1272.117,1275.718
2023-03-13,1273.426,1278.947,1268.844,1278.769
2023-03-14,1277.03,1286.109,1258.931,1281.74
2023-03-15,1286.233,1299.643,1278.136,1278.277
2023-03-16,1272.428,1276.655,1253.148,1255.017
2023-03-17,1263.655,1277.477,1261.702,1267.753
2023-03-20,1268.581,1280.363,1257.124,1272.967
2023-03-21,1273.296,1289.875,1271.964,1289.875
2023-03-22,1292.109,1295.447,1287.944,1292.576
2023-03-23,1288.223,1307.036,1288.223,1307.036
2023-03-24,1308.014,1308.674,1301.031,1306.766
2023-03-27,1305.752,1318.334,1296.911,1309.562
2023-03-28,1310.955,1310.955,1288.344,1289.429
2023-03-29,1290.452,1317.945,1287.686,1306.511
2023-03-30,1309.259,1314.833,1298.701,1309.784
2023-03-31,1308.992,1319.544,1305.834,1319.544
2023-04-03,1326.529,1351.921,1326.529,1351.348
2023-04-04,1348.711,1360.288,1343.029,1350.396
2023-04-06,1345.106,1380.031,1345.106,1370.107
2023-04-07,1372.819,1391.671,1372.819,1391.533
2023-04-10,1395.095,1397.175,1364.568,1366.39
2023-04-11,1369.316,1371.712,1347.62,1359.553
2023-04-12,1358.755,1372.552,1357.928,1370.468
2023-04-13,1365.384,1367.456,1346.725,1347.858
2023-04-14,1354.895,1377.712,1344.33,1376.872
2023-04-17,1375.72,1386.23,1371.517,1377.732
2023-04-18,1371.825,1373.845,1358.87,1368.295
2023-04-19,1368.702,1383.662,1366.452,1368.822
2023-04-20,1369.888,1381.633,1369.888,1379.795
2023-04-21,1377.218,1377.218,1331.282,1331.282
2023-04-24,1329.645,1329.645,1297.709,1302.525
2023-04-25,1301.398,1302.514,1267.59,1278.323
2023-04-26,1275.207,1293.844,1273.606,1278.38
2023-04-27,1274.509,1290.778,1273.711,1280.638
2023-04-28,1275.526,1298.233,1275.526,1297.948
2023-05-04,1289.493,1289.493,1274.115,1277.28
2023-05-05,1275.571,1275.571,1254.667,1257.471
2023-05-08,1259.067,1260.516,1249.941,1257.193
2023-05-09,1258.255,1258.255,1232.614,1232.614
2023-05-10,1229.904,1232.37,1215.396,1227.224
2023-05-11,1234.133,1235.932,1228.605,1228.605
2023-05-12,1228.223,1233.41,1214.527,1214.527
2023-05-15,1214.407,1233.171,1212.419,1233.171
2023-05-16,1235.858,1243.647,1231.001,1234.483
2023-05-17,1233.226,1242.167,1233.226,1241.894
2023-05-18,1243.549,1251.512,1242.222,1249.131
2023-05-19,1252.547,1268.081,1252.547,1259.797
2023-05-22,1259.909,1259.909,1251.647,1256.8
2023-05-23,1255.841,1260.465,1245.875,1245.875
2023-05-24,1241.516,1257.125,1239.459,1245.836
2023-05-25,1249.561,1253.691,1237.561,1253.604
2023-05-26,1254.412,1268.442,1251.729,1267.235
2023-05-29,1271.837,1271.837,1259.46,1260.848
2023-05-30,1258.566,1271.689,1252.452,1270.512
2023-05-31,1269.005,1278.331,1266.734,1278.331
2023-06-01,1274.419,1287.399,1271.955,1277.109
2023-06-02,1280.005,1284.286,1273.105,1277.07
2023-06-05,1283.61,1284.84,1271.371,1272.738
2023-06-06,1270.039,1270.039,1235.491,1235.982
2023-06-07,1237.346,1239.829,1232.283,1235.955
2023-06-08,1232.198,1232.198,1217.764,1219.721
2023-06-09,1221.161,1247.686,1219.826,1247.686
2023-06-12,1246.207,1249.379,1241.895,1245.583
2023-06-13,1245.493,1259.22,1242.221,1256.49
2023-06-14,1256.412,1258.812,1249.369,1255.694
2023-06-15,1257.245,1261.108,1256.587,1259.011
2023-06-16,1259.415,1276.815,1259.321,1275.964
2023-06-19,1276.615,1291.44,1274.461,1287.794
2023-06-20,1287.999,1294.814,1279.254,1292.315
2023-06-21,1288.939,1288.939,1253.75,1253.75
2023-06-26,1243.266,1255.928,1230.251,1232.16
2023-06-27,1232.72,1242.037,1232.72,1238.588
2023-06-28,1242.674,1242.674,1215.046,1231.865
2023-06-29,1229.812,1241.613,1229.812,1236.036
2023-06-30,1233.904,1250.752,1233.904,1247.409
2023-07-03,1250.35,1256.786,1243.084,1249.184
2023-07-04,1249.396,1265.517,1247.261,1263.319
2023-07-05,1261.871,1264.217,1247.249,1248.255
2023-07-06,1246.64,1254.873,1242.959,1244.124
2023-07-07,1242.272,1242.272,1227.061,1229.959
2023-07-10,1232.635,1238.643,1228.434,1232.027
2023-07-11,1234.518,1246.115,1234.518,1245.892
2023-07-12,1245.719,1245.719,1223.275,1224.4
2023-07-13,1228.953,1238.83,1228.953,1237.303
2023-07-14,1241.287,1241.287,1231.153,1231.993
2023-07-17,1230.009,1230.009,1218.459,1222.641
2023-07-18,1223.345,1225.794,1216.826,1217.091
2023-07-19,1221.929,1221.929,1206.405,1207.851
2023-07-20,1210.899,1210.899,1187.248,1187.688
2023-07-21,1185.832,1189.389,1175.994,1178.444
2023-07-24,1178.973,1185.742,1174.862,1175.736
2023-07-25,1186.754,1190.961,1181.144,1190.41
2023-07-26,1189.925,1193.788,1184.032,1186.205
2023-07-27,1186.832,1187.296,1171.332,1171.901
2023-07-28,1170.099,1180.389,1164.361,1179.818
2023-07-31,1180.315,1188.858,1178.33,1181.569
2023-08-01,1181.956,1183.541,1176.504,1179.872
2023-08-02,1178.67,1182.251,1177.252,1179.098
2023-08-03,1174.88,1184.948,1174.88,1182.176
2023-08-04,1184.043,1186.658,1178.281,1184.316
2023-08-07,1182.887,1182.887,1172.143,1174.897
2023-08-08,1173.574,1174.045,1168.325,1168.498
2023-08-09,1165.05,1169.532,1160.811,1161.3
2023-08-10,1159.88,1165.89,1158.264,1162.972
2023-08-11,1163.74,1163.74,1142.067,1142.067
2023-08-14,1133.686,1135.725,1119.768,1135.329
2023-08-15,1138.093,1138.093,1111.293,1119.381
2023-08-16,1117.682,1120.289,1099.85,1099.85
2023-08-17,1098.307,1115.166,1094.968,1111.204
2023-08-18,1120.739,1124.096,1103.867,1103.867
2023-08-21,1100.635,1105.415,1089.325,1089.325
2023-08-22,1092.093,1094.695,1066.737,1093.659
2023-08-23,1092.981,1092.981,1066.416,1066.416
2023-08-24,1071.459,1083.177,1064.062,1073.453
2023-08-25,1069.281,1069.281,1047.877,1052.374
2023-08-28,1120.37,1120.37,1055.647,1056.846
2023-08-29,1054.434,1111.5,1054.434,1109.47
2023-08-30,1121.108,1143.142,1121.108,1138.544
2023-08-31,1134.973,1143.282,1131.332,1138.876
2023-09-01,1140.003,1140.003,1122.95,1129.707
2023-09-04,1132.335,1132.335,1118.044,1130.971
2023-09-05,1130.46,1135.052,1122.099,1124.033
2023-09-06,1120.826,1133.13,1116.662,1132.483
2023-09-07,1130.129,1130.129,1102.121,1102.121
2023-09-08,1097.926,1115.648,1097.926,1110.028
2023-09-11,1111.853,1130.958,1111.853,1123.934
2023-09-12,1122.943,1127.845,1117.417,1119.399
2023-09-13,1117.302,1117.302,1095.205,1104.517
2023-09-14,1103.584,1103.584,1086.214,1090.872
2023-09-15,1093.496,1104.812,1083.44,1097.525
2023-09-18,1091.654,1102.576,1091.654,1094.073
2023-09-19,1094.721,1094.721,1080.267,1083.3
2023-09-20,1080.416,1081.784,1070.528,1070.528
2023-09-21,1067.339,1070.935,1062.775,1063.437
2023-09-22,1063.471,1092.041,1060.88,1092.041
2023-09-25,1091.224,1091.224,1083.628,1086.858
2023-09-26,1087.251,1095.304,1084.37,1086.172
2023-09-27,1087.078,1099.653,1087.078,1096.499
2023-09-28,1098.018,1106.404,1095.829,1104.848
2023-10-09,1102.202,1102.202,1094.761,1098.188
2023-10-10,1100.203,1102.828,1092.181,1092.367
2023-10-11,1096.431,1112.792,1095.894,1107.555
2023-10-12,1111.743,1112.434,1103.119,1112.201
2023-10-13,1107.573,1107.814,1101.425,1105.426
2023-10-16,1106.017,1106.017,1080.721,1084.38
2023-10-17,1084.901,1087.061,1074.908,1086.338
2023-10-18,1087.104,1087.104,1068.048,1068.198
2023-10-19,1063.313,1079.311,1063.313,1067.401
2023-10-20,1063.706,1067.243,1053.086,1054.155
2023-10-23,1049.999,1049.999,1026.428,1030.394
2023-10-24,1034.446,1049.149,1027.346,1048.018
2023-10-25,1055.926,1060.511,1050.258,1051.565
2023-10-26,1044.596,1056.456,1039.624,1055.609
2023-10-27,1051.571,1080.695,1049.148,1075.475
2023-10-30,1073.658,1105.779,1073.658,1102.885
2023-10-31,1104.23,1104.23,1091.44,1097.251
2023-11-01,1097.135,1099.012,1091.208,1092.417
2023-11-02,1094.169,1094.733,1075.657,1075.657
2023-11-03,1078.243,1100.39,1078.243,1098.958
2023-11-06,1106.959,1129.892,1106.959,1129.057
2023-11-07,1126.95,1135.42,1123.806,1132.699
2023-11-08,1132.903,1147.135,1132.903,1141.502
2023-11-09,1141.554,1147.937,1131.715,1132.82
2023-11-10,1128.518,1135.687,1126.716,1131.934
2023-11-13,1136.097,1141.306,1133.221,1139.644
2023-11-14,1140.166,1154.095,1140.166,1153.949
2023-11-15,1165.399,1165.399,1152.689,1154.506
2023-11-16,1151.164,1151.164,1137.554,1137.554
2023-11-17,1136.01,1146.893,1136.01,1146.893
2023-11-20,1148.459,1156.362,1141.493,1154.073
2023-11-21,1154.444,1154.644,1141.912,1143.103
2023-11-22,1140.111,1142.458,1123.851,1123.851
2023-11-23,1123.57,1135.968,1119.653,1135.893
2023-11-24,1134.185,1134.185,1114.216,1115.989
2023-11-27,1116.359,1127.309,1115.482,1125.108
2023-11-28,1124.597,1137.466,1123.518,1135.564
2023-11-29,1135.308,1141.402,1131.029,1131.029
2023-11-30,1130.875,1130.875,1119.086,1129.018
2023-12-01,1127.693,1134.128,1120.082,1132.791
2023-12-04,1133.355,1134.398,1125.194,1125.194
2023-12-05,1122.421,1122.421,1104.238,1104.238
2023-12-06,1102.316,1115.82,1102.316,1111.15
2023-12-07,1110.149,1112.488,1102.5,1108.259
2023-12-08,1109.095,1125.57,1109.095,1125.316
2023-12-11,1119.106,1139.18,1115.819,1137.833
2023-12-12,1137.359,1137.359,1126.035,1129.596
2023-12-13,1128.074,1130.803,1118.925,1118.925
2023-12-14,1123.152,1126.751,1113.577,1113.72
2023-12-15,1115.016,1115.016,1100.127,1101.53
2023-12-18,1099.03,1099.03,1083.84,1086.374
2023-12-19,1085.416,1095.776,1084.015,1091.549
2023-12-20,1092.852,1092.852,1077.085,1077.25
2023-12-21,1073.622,1089.695,1067.018,1086.077
2023-12-22,1085.616,1088.777,1071.495,1075.85
2023-12-25,1074.13,1080.051,1069.679,1073.398
2023-12-26,1073.61,1073.61,1050.17,1055.096
2023-12-27,1056.699,1064.817,1054.28,1063.018
2023-12-28,1061.968,1092.557,1059.683,1089.245
2023-12-29,1088.783,1105.299,1088.783,1105.089
2024-01-02,1104.212,1104.212,1087.222,1087.222
2024-01-03,1085.071,1087.135,1067.945,1072.749
2024-01-04,1073.592,1073.592,1059.42,1064.361
2024-01-05,1062.547,1067.912,1037.447,1040.748
2024-01-08,1036.501,1036.501,1012.028,1012.028
2024-01-09,1014.569,1024.291,1006.601,1013.338
2024-01-10,1010.683,1020.689,999.574,1005.264
2024-01-11,1004.723,1026.746,1004.723,1023.786
2024-01-12,1022.107,1026.463,1010.531,1010.531
2024-01-15,1007.241,1016.312,1001.111,1005.744
2024-01-16,1005.05,1007.942,991.677,1005.943
2024-01-17,1004.808,1004.808,974.289,974.289
2024-01-18,969.659,981.252,951.253,980.877
2024-01-19,980.642,984.011,969.341,969.771
2024-01-22,968.317,968.317,922.589,923.397
2024-01-23,920.993,938.638,919.964,934.103
2024-01-24,938.26,938.26,902.831,933.199
2024-01-25,932.657,962.46,930.274,960.558
2024-01-26,956.792,956.792,936.072,936.072
2024-01-29,941.512,941.512,908.284,908.284
2024-01-30,902.944,904.247,878.141,878.141
2024-01-31,873.469,877.499,847.557,847.557
2024-02-01,843.764,865.452,836.789,849.422
2024-02-02,852.051,852.051,801.79,818.563
2024-02-05,814.991,814.991,754.498,786.487
2024-02-06,779.725,843.325,772.661,842.612
2024-02-07,845.527,874.122,845.527,866.166
2024-02-08,871.582,909.57,871.582,902.415
2024-02-19,915.45,917.017,897.542,912.68
2024-02-20,907.18,912.158,899.218,909.54
2024-02-21,900.953,932.594,900.953,913.151
2024-02-22,913.851,926.848,913.851,924.412
2024-02-23,930.315,938.732,920.975,938.732
2024-02-26,941.757,963.786,939.297,951.646
2024-02-27,946.967,981.755,946.558,981.755
2024-02-28,984.541,998.377,932.745,932.745
2024-02-29,928.407,974.804,928.407,974.804
2024-03-01,977.719,987.788,973.265,986.591
2024-03-04,990.22,993.674,975.104,991.926
2024-03-05,985.359,990.022,977.591,980.33
2024-03-06,977.186,987.042,967.072,978.93
2024-03-07,981.898,985.004,956.952,956.952
2024-03-08,958.455,973.753,958.17,971.283
2024-03-11,970.993,993.575,970.993,993.575
2024-03-12,995.053,1005.059,991.033,996.723
2024-03-13,999.479,1008.455,995.62,999.431
2024-03-14,1003.19,1004.585,983.964,992.011
2024-03-15,988.561,1001.328,982.341,1001.328
2024-03-18,1004.412,1023.689,1004.412,1023.597
2024-03-19,1021.201,1023.733,1013.094,1013.094
2024-03-20,1011.708,1019.844,1008.104,1019.519
2024-03-21,1023.459,1025.496,1004.827,1009.305
2024-03-22,1007.114,1007.114,989.494,992.819
2024-03-25,990.145,991.741,967.785,967.785
2024-03-26,967.135,973.074,951.531,957.913
2024-03-27,956.965,956.965,928.356,928.356
2024-03-28,929.415,954.58,929.415,945.503
2024-03-29,944.361,952.465,936.152,952.308
2024-04-01,957.209,969.54,957.209,969.494
2024-04-02,969.096,969.096,954.789,960.036
2024-04-03,958.048,958.048,942.735,946.115
2024-04-08,942.704,942.704,922.458,922.458
2024-04-09,921.365,938.784,919.432,938.784
2024-04-10,938.641,938.641,913.428,918.306
2024-04-11,915.624,928.357,915.624,917.941
2024-04-12,920.628,926.165,914.123,914.123
2024-04-15,913.095,922.01,899.444,908.327
2024-04-16,903.918,903.918,872.982,872.982
2024-04-17,881.086,904.828,881.086,904.828
2024-04-18,903.931,916.481,893.44,904.276
2024-04-19,899.775,899.775,883.007,887.24
2024-04-22,880.548,897.098,874.116,893.51
2024-04-23,893.706,899.776,887.865,896.472
2024-04-24,899.11,911.406,897.393,911.406
2024-04-25,909.202,919.105,908.15,910.858
2024-04-26,910.426,937.208,910.426,935.794
2024-04-29,938.768,966.165,938.768,963.523
2024-04-30,962.115,962.115,951.919,955.408
2024-05-06,968.546,977.458,968.401,973.95
2024-05-07,974.172,976.387,968.755,972.129
2024-05-08,970.985,971.252,959.431,959.826
2024-05-09,960.987,978.915,960.987,977.519
2024-05-10,977.966,977.966,959.523,961.076
2024-05-13,953.483,954.907,944.5,946.733
2024-05-14,949.352,955.016,946.194,946.787
2024-05-15,945.53,947.571,935.974,935.974
2024-05-16,939.718,943.343,931.229,933.199
2024-05-17,932.176,945.697,930.684,945.697
2024-05-20,943.771,954.088,943.27,946.908
2024-05-21,946.021,946.021,938.129,938.728
2024-05-22,940.582,945.858,933.252,945.82
2024-05-23,944.992,944.992,928.211,929.328
2024-05-24,928.752,931.462,909.77,909.77
2024-05-27,910.327,920.104,896.22,919.93
2024-05-28,917.958,926.545,913.199,914.611
2024-05-29,914.716,922.477,909.254,912.678
2024-05-30,911.506,922.953,911.506,920.079
2024-05-31,921.358,932.147,921.358,926.261
2024-06-03,928.53,934.988,919.2,926.13
2024-06-04,923.597,925.588,916.329,925.072
2024-06-05,923.274,931.776,919.903,919.903
2024-06-06,923.183,924.72,898.395,899.216
2024-06-07,904.015,909.358,891.37,897.287
2024-06-11,894.892,920.16,893.473,919.809
2024-06-12,921.247,927.138,920.331,921.098
2024-06-13,923.93,942.308,922.879,934.467
2024-06-14,931.238,931.238,922.086,925.125
2024-06-17,919.957,931.668,919.957,928.975
2024-06-18,929.371,936.058,925.077,929.451
2024-06-19,931.35,931.35,916.273,919.717
2024-06-20,921.096,939.995,921.096,924.461
2024-06-21,919.14,925.034,913.359,924.083
2024-06-24,918.806,922.263,890.937,891.3
2024-06-25,891.454,891.454,865.284,869.711
2024-06-26,870.907,891.423,867.453,891.255
2024-06-27,887.75,887.75,870.927,870.927
2024-06-28,869.271,884.774,867.916,869.766
2024-07-01,868.64,868.64,849.898,864.042
2024-07-02,863.826,863.826,851.104,852.158
2024-07-03,851.348,856.219,842.031,848.479
2024-07-04,849.126,849.315,829.024,829.43
2024-07-05,828.342,845.246,821.641,842.072
2024-07-08,841.156,841.156,823.363,824.238
2024-07-09,822.06,844.529,818.341,842.621
2024-07-10,841.025,849.324,840.987,842.292
2024-07-11,855.33,862.158,852.261,859.828
2024-07-12,856.794,862.03,854.764,859.526
2024-07-15,858.144,858.144,846.675,848.371
2024-07-16,846.439,861.804,845.669,860.905
2024-07-17,861.78,862.4,856.33,856.39
2024-07-18,850.609,862.894,842.554,861.398
2024-07-19,857.892,878.639,857.892,876.307
2024-07-22,876.927,883.858,876.629,880.761
2024-07-23,880.284,880.284,846.116,846.116
2024-07-24,845.02,848.526,830.414,830.924
2024-07-25,826.097,843.65,826.097,833.593
2024-07-26,833.877,844.603,831.933,841.237
2024-07-29,841.726,841.726,831.134,831.134
2024-07-30,830.435,836.227,823.65,833.268
2024-07-31,831.678,874.328,831.678,874.328
2024-08-01,876.908,878.909,866.096,871.871
2024-08-02,864.222,875.624,855.404,855.404
2024-08-05,849.082,860.813,829.687,829.687
2024-08-06,840.64,845.782,835.415,845.715
2024-08-07,845.334,848.365,841.47,842.769
2024-08-08,839.58,849.112,830.594,841.072
2024-08-09,847.583,847.785,834.633,834.633
2024-08-12,834.013,838.094,830.939,832.751
2024-08-13,833.015,836.494,827.136,836.494
2024-08-14,837.487,837.487,825.208,825.208
2024-08-15,824.007,840.956,824.007,831.7
2024-08-16,831.698,835.881,829.501,829.757
2024-08-19,829.804,835.546,824.725,824.725
2024-08-20,824.929,824.929,808.755,810.382
2024-08-21,808.041,815.111,808.041,808.729
2024-08-22,809.923,812.975,800.777,801.155
2024-08-23,799.525,799.525,791.351,798.093
2024-08-26,796.976,803.861,795.694,798.439
2024-08-27,796.149,796.149,787.905,789.104
2024-08-28,787.182,792.86,786.458,788.691
2024-08-29,785.803,806.047,785.392,802.722
2024-08-30,802.455,826.478,802.455,818.859
2024-09-02,818.444,818.444,793.432,793.432
2024-09-03,793.618,805.97,793.618,800.063
2024-09-04,794.912,805.54,794.085,799.097
2024-09-05,799.826,808.627,799.826,801.393
2024-09-06,802.437,802.437,784.561,784.561
2024-09-09,781.41,785.869,775.193,777.357
2024-09-10,778.354,784.406,769.2,783.219
2024-09-11,781.16,790.514,781.16,788.956
2024-09-12,790.618,797.298,783.737,783.737
2024-09-13,784.244,784.351,771.175,773.427
2024-09-18,773.385,773.385,759.034,765.908
2024-09-19,769.049,780.812,763.994,773.149
2024-09-20,773.922,774.905,762.474,767.038
2024-09-23,767.715,771.51,761.209,761.355
2024-09-24,766.0,791.708,759.285,791.708
2024-09-25,799.71,813.768,794.418,794.556
2024-09-26,794.575,826.595,791.736,826.595
2024-09-27,840.765,882.771,840.765,881.55
2024-09-30,931.168,1029.014,931.168,1029.014
2024-10-08,1226.542,1226.542,1126.403,1194.431
2024-10-09,1153.63,1211.44,1103.527,1115.305
2024-10-10,1131.223,1133.14,1082.592,1082.592
2024-10-11,1072.213,1072.213,1010.893,1017.437
2024-10-14,1023.677,1048.796,994.155,1048.619
2024-10-15,1044.36,1058.873,1020.918,1020.918
2024-10-16,1000.699,1017.584,998.3,1001.998
2024-10-17,1017.755,1028.847,1006.242,1006.242
2024-10-18,1005.64,1126.366,1005.64,1093.195
2024-10-21,1112.445,1156.524,1096.772,1116.016
2024-10-22,1110.596,1113.108,1092.761,1105.468
2024-10-23,1099.689,1130.152,1099.689,1107.462
2024-10-24,1098.717,1110.605,1095.967,1100.074
2024-10-25,1104.017,1130.056,1103.623,1122.318
2024-10-28,1123.236,1125.598,1112.834,1124.343
2024-10-29,1128.074,1133.952,1102.667,1102.667
2024-10-30,1094.635,1103.139,1079.762,1089.976
2024-10-31,1091.711,1114.885,1082.789,1107.447
2024-11-01,1102.939,1107.75,1070.527,1070.527
2024-11-04,1070.533,1093.122,1070.533,1093.122
2024-11-05,1093.863,1142.958,1093.863,1141.324
2024-11-06,1148.264,1169.294,1140.274,1145.796
2024-11-07,1136.084,1171.811,1136.084,1171.608
2024-11-08,1191.573,1213.419,1183.689,1184.02
2024-11-11,1189.608,1244.426,1189.608,1243.87
2024-11-12,1246.71,1249.121,1208.734,1216.369
2024-11-13,1209.339,1226.059,1199.4,1225.523
2024-11-14,1221.862,1222.841,1181.556,1181.556
2024-11-15,1177.972,1182.284,1136.271,1136.271
2024-11-18,1139.239,1139.239,1101.985,1108.488
2024-11-19,1114.196,1146.624,1105.067,1145.903
2024-11-20,1142.83,1166.811,1142.83,1163.289
2024-11-21,1162.919,1177.053,1156.421,1167.579
2024-11-22,1166.372,1171.821,1117.449,1117.449
2024-11-25,1120.639,1120.639,1095.762,1117.201
2024-11-26,1115.687,1131.452,1105.641,1105.953
2024-11-27,1101.945,1141.001,1088.081,1140.174
2024-11-28,1140.456,1155.505,1136.687,1137.244
2024-11-29,1133.846,1173.227,1131.109,1161.193
2024-12-02,1163.577,1181.322,1163.577,1179.545
2024-12-03,1181.288,1181.288,1161.378,1170.875
2024-12-04,1181.132,1181.845,1153.661,1157.423
2024-12-05,1153.153,1174.031,1153.153,1169.303
2024-12-06,1172.816,1189.795,1158.754,1181.108
2024-12-09,1180.141,1181.622,1164.779,1170.915
2024-12-10,1218.517,1218.517,1183.602,1184.424
2024-12-11,1182.869,1194.208,1179.156,1190.54
2024-12-12,1191.529,1191.672,1179.384,1191.648
2024-12-13,1184.31,1186.858,1166.019,1166.019
2024-12-16,1166.305,1166.305,1143.213,1147.61
2024-12-17,1146.339,1146.339,1126.147,1126.982
2024-12-18,1131.032,1147.919,1122.413,1141.751
2024-12-19,1128.464,1152.441,1128.464,1149.376
2024-12-20,1146.945,1181.275,1146.945,1172.341
2024-12-23,1172.179,1173.889,1142.398,1142.583
2024-12-24,1148.166,1158.934,1135.826,1158.305
2024-12-25,1161.571,1162.578,1143.169,1153.395
2024-12-26,1150.835,1172.249,1150.835,1167.71
2024-12-27,1168.439,1180.164,1157.95,1158.003
2024-12-30,1155.533,1164.727,1146.972,1153.325
2024-12-31,1154.001,1154.001,1118.733,1118.733
2025-01-02,1117.194,1117.194,1074.191,1083.567
2025-01-03,1085.113,1089.341,1059.216,1059.683
2025-01-06,1060.996,1064.336,1047.707,1053.621
2025-01-07,1054.287,1081.137,1054.287,1080.593
2025-01-08,1073.689,1089.222,1049.302,1080.86
2025-01-09,1076.944,1089.189,1076.944,1080.352
2025-01-10,1080.11,1095.316,1063.776,1063.776
2025-01-13,1053.063,1076.63,1049.796,1069.007
2025-01-14,1073.869,1113.22,1066.312,1111.819
2025-01-15,1108.368,1113.975,1098.699,1103.026
2025-01-16,1107.129,1120.921,1084.278,1090.448
2025-01-17,1085.692,1114.468,1082.238,1103.299
2025-01-20,1109.034,1118.009,1101.717,1107.313
2025-01-21,1112.959,1118.19,1099.669,1117.186
2025-01-22,1113.377,1117.285,1105.038,1112.808
2025-01-23,1123.506,1135.997,1107.624,1107.624
2025-01-24,1106.02,1128.341,1106.02,1124.951
2025-01-27,1124.178,1125.576,1101.803,1101.803
2025-02-05,1125.454,1132.783,1115.423,1123.219
2025-02-06,1119.325,1161.077,1116.662,1160.607
2025-02-07,1161.123,1189.454,1155.767,1172.64
2025-02-10,1176.809,1195.255,1170.437,1193.37
2025-02-11,1191.008,1193.724,1173.133,1181.139
2025-02-12,1179.983,1201.689,1176.061,1201.391
2025-02-13,1200.573,1200.874,1174.643,1174.878
2025-02-14,1171.168,1186.373,1168.333,1182.232
2025-02-17,1189.047,1200.139,1182.453,1194.991
2025-02-18,1192.531,1197.427,1162.844,1167.954
2025-02-19,1167.574,1203.251,1167.574,1202.691
2025-02-20,1203.661,1215.474,1197.798,1210.684
2025-02-21,1215.951,1266.091,1211.925,1263.68
2025-02-24,1261.914,1274.998,1248.091,1263.095
2025-02-25,1243.226,1282.543,1240.849,1266.445
2025-02-26,1271.099,1293.321,1259.32,1292.398
2025-02-27,1292.95,1304.325,1263.81,1292.216
2025-02-28,1283.848,1287.642,1230.448,1233.614
2025-03-03,1236.875,1255.048,1219.221,1227.519
2025-03-04,1216.295,1253.313,1215.917,1249.103
2025-03-05,1249.171,1258.88,1238.411,1253.741
2025-03-06,1266.901,1296.6,1266.894,1292.043
2025-03-07,1284.992,1293.814,1270.28,1278.06
2025-03-10,1279.501,1285.063,1264.029,1280.332
2025-03-11,1260.898,1279.522,1259.481,1276.868
2025-03-12,1284.937,1287.415,1269.816,1269.852
2025-03-13,1269.609,1271.305,1232.963,1241.031
2025-03-14,1240.931,1262.543,1235.739,1261.62
2025-03-17,1265.305,1265.845,1254.138,1262.833
2025-03-18,1266.865,1282.106,1265.97,1269.227
2025-03-19,1265.153,1269.069,1252.034,1255.852
2025-03-20,1253.88,1258.624,1244.468,1245.247
2025-03-21,1241.422,1243.301,1209.829,1214.61
2025-03-24,1214.04,1220.192,1187.097,1208.351
2025-03-25,1208.592,1214.451,1191.618,1195.266
2025-03-26,1193.246,1209.456,1193.246,1198.349
2025-03-27,1196.746,1224.515,1187.864,1207.211
2025-03-28,1205.679,1215.084,1195.652,1195.652
2025-03-31,1189.974,1197.155,1175.32,1190.882
2025-04-01,1195.979,1214.909,1195.458,1202.245
2025-04-02,1199.972,1214.552,1199.972,1204.2
2025-04-03,1191.753,1212.171,1183.309,1188.961
2025-04-07,1112.85,1136.872,1004.9,1041.418
2025-04-08,1052.161,1082.996,1041.062,1061.938
2025-04-09,1042.332,1108.357,1016.764,1102.123
2025-04-10,1128.95,1145.957,1121.616,1124.858
2025-04-11,1120.95,1172.712,1119.234,1157.674
2025-04-14,1168.951,1177.497,1158.541,1164.645
2025-04-15,1163.333,1166.016,1145.934,1158.808
2025-04-16,1163.661,1164.394,1136.376,1154.706
2025-04-17,1147.607,1170.933,1146.877,1159.926
2025-04-18,1155.838,1159.621,1145.711,1152.509
2025-04-21,1154.246,1175.105,1149.334,1174.535
2025-04-22,1173.046,1181.328,1166.311,1173.23
2025-04-23,1176.989,1182.179,1168.564,1173.637
2025-04-24,1172.746,1174.128,1156.281,1162.179
2025-04-25,1161.827,1168.774,1150.687,1161.351
2025-04-28,1159.867,1164.882,1150.229,1158.844
2025-04-29,1153.184,1165.555,1150.696,1163.196
2025-04-30,1161.565,1179.781,1161.565,1176.875
2025-05-06,1183.681,1199.54,1182.829,1199.388
2025-05-07,1215.933,1219.668,1190.831,1201.413
2025-05-08,1196.573,1208.015,1194.186,1203.898
2025-05-09,1200.922,1200.922,1178.86,1181.959
2025-05-12,1186.504,1198.139,1181.934,1192.889
2025-05-13,1204.085,1205.706,1188.354,1188.819
2025-05-14,1191.416,1197.145,1179.767,1186.988
2025-05-15,1185.21,1185.21,1167.884,1168.83
2025-05-16,1166.445,1175.947,1164.459,1170.197
2025-05-19,1170.666,1174.72,1160.051,1172.024
2025-05-20,1173.804,1181.949,1170.436,1178.22
2025-05-21,1177.81,1179.468,1171.426,1175.024
2025-05-22,1173.083,1182.711,1166.464,1167.888
2025-05-23,1167.011,1175.311,1155.224,1155.224
2025-05-26,1157.28,1161.069,1151.827,1159.801
2025-05-27,1159.285,1160.253,1149.926,1153.527
2025-05-28,1154.426,1157.881,1146.8,1148.832
2025-05-29,1150.397,1174.691,1150.397,1174.691
2025-05-30,1170.249,1170.249,1160.753,1163.35
2025-06-03,1161.665,1179.699,1161.317,1172.196
2025-06-04,1172.26,1182.046,1172.161,1178.469
2025-06-05,1179.918,1194.587,1174.079,1192.945
2025-06-06,1192.276,1193.91,1187.419,1191.387
2025-06-09,1191.821,1210.193,1191.817,1206.046
2025-06-10,1210.499,1210.617,1179.91,1189.694
2025-06-11,1189.535,1198.201,1187.766,1188.306
2025-06-12,1186.102,1192.015,1181.786,1190.296
2025-06-13,1184.1,1190.272,1171.585,1178.398
2025-06-16,1175.127,1186.491,1174.916,1182.334
2025-06-17,1184.267,1185.179,1167.922,1171.742
2025-06-18,1170.245,1180.582,1166.564,1179.56
2025-06-19,1178.918,1187.6,1165.247,1168.826
2025-06-20,1169.425,1177.125,1160.27,1160.8
2025-06-23,1155.042,1176.168,1155.042,1173.815
2025-06-24,1176.223,1198.244,1176.223,1198.116
2025-06-25,1200.885,1217.843,1198.371,1217.09
2025-06-26,1215.644,1222.786,1207.35,1207.35
2025-06-27,1213.078,1217.777,1206.23,1209.286
2025-06-30,1213.167,1230.415,1213.167,1229.825
2025-07-01,1229.02,1230.73,1218.397,1228.658
2025-07-02,1225.62,1225.62,1206.648,1210.51
2025-07-03,1211.665,1220.437,1211.059,1219.325
2025-07-04,1219.061,1230.849,1207.68,1215.289
2025-07-07,1214.28,1218.421,1207.722,1210.573
2025-07-08,1210.962,1227.117,1210.315,1226.31
2025-07-09,1226.559,1228.231,1216.156,1218.355
2025-07-10,1217.219,1220.865,1212.065,1215.188
2025-07-11,1215.853,1235.646,1212.797,1230.612
2025-07-14,1230.969,1236.654,1228.284,1233.382
2025-07-15,1232.424,1239.456,1222.687,1237.333
2025-07-16,1237.436,1250.677,1236.472,1242.812
2025-07-17,1243.556,1262.512,1239.472,1262.486
2025-07-18,1264.626,1270.038,1258.989,1267.724
2025-07-21,1268.19,1273.844,1266.403,1273.039
2025-07-22,1273.04,1286.726,1271.017,1279.991
2025-07-23,1278.923,1292.48,1273.846,1283.895
2025-07-24,1284.158,1301.169,1284.007,1301.169
2025-07-25,1301.334,1321.643,1295.288,1317.827
2025-07-28,1320.007,1330.995,1314.531,1328.523
2025-07-29,1327.281,1352.149,1325.207,1352.149
2025-07-30,1347.23,1354.034,1325.748,1337.409
2025-07-31,1335.551,1352.242,1324.636,1328.7
2025-08-01,1329.275,1343.065,1316.588,1326.405
2025-08-04,1321.583,1345.647,1318.572,1345.647
2025-08-05,1347.626,1352.373,1341.339,1352.373
2025-08-06,1350.308,1366.401,1347.578,1366.073
2025-08-07,1366.312,1373.573,1356.367,1361.181
2025-08-08,1356.787,1356.787,1343.443,1346.972
2025-08-11,1347.749,1373.64,1347.749,1370.524
2025-08-12,1369.532,1385.361,1360.419,1382.091
2025-08-13,1382.443,1403.424,1382.377,1402.738
2025-08-14,1404.443,1417.573,1389.495,1391.999
2025-08-15,1387.582,1423.995,1387.582,1423.148
2025-08-18,1436.549,1467.018,1428.968,1457.409
2025-08-19,1455.273,1465.162,1442.066,1445.753
2025-08-20,1438.099,1472.402,1426.002,1472.376
2025-08-21,1476.586,1493.709,1454.794,1462.605
2025-08-22,1470.589,1539.61,1470.589,1539.573
2025-08-25,1566.208,1596.825,1549.633,1578.916
2025-08-26,1565.043,1579.577,1554.725,1563.313
2025-08-27,1572.08,1617.337,1550.902,1550.902
2025-08-28,1554.525,1617.922,1547.203,1617.465
2025-08-29,1603.048,1610.38,1576.188,1603.089
2025-09-01,1612.048,1634.623,1593.961,1628.334
2025-09-02,1625.801,1631.833,1570.468,1584.159
2025-09-03,1579.697,1595.376,1558.065,1567.403
2025-09-04,1566.796,1570.687,1462.335,1486.036
2025-09-05,1491.812,1548.892,1479.236,1544.302
2025-09-08,1544.188,1560.239,1526.199,1555.799
2025-09-09,1540.418,1556.903,1516.12,1523.229
2025-09-10,1527.648,1547.861,1516.844,1529.173
2025-09-11,1523.0,1597.874,1509.253,1596.455
2025-09-12,1594.663,1627.288,1592.799,1607.116
2025-09-15,1628.094,1630.356,1601.814,1605.077
2025-09-16,1610.808,1629.09,1605.211,1623.414
2025-09-17,1617.438,1644.702,1607.323,1638.713
2025-09-18,1648.392,1697.362,1615.118,1643.034
2025-09-19,1644.793,1661.05,1616.482,1622.55
2025-09-22,1621.789,1665.065,1616.256,1658.351
2025-09-23,1659.303,1667.276,1600.071,1645.558
2025-09-24,1636.302,1707.498,1634.869,1695.902
2025-09-25,1691.589,1719.261,1690.407,1704.555
2025-09-26,1691.91,1709.171,1669.453,1671.022
2025-09-29,1669.465,1692.65,1651.954,1690.759
2025-09-30,1704.819,1728.6,1701.031,1717.005
2025-10-09,1738.04,1777.508,1729.255,1744.273
2025-10-10,1723.664,1723.664,1657.627,1665.312
2025-10-13,1604.653,1681.009,1604.653,1678.566
2025-10-14,1691.322,1698.47,1602.401,1611.425
2025-10-15,1614.106,1641.354,1593.515,1641.354
2025-10-16,1632.923,1652.354,1618.504,1625.448
2025-10-17,1622.203,1624.155,1562.063,1564.022
2025-10-20,1591.801,1606.033,1566.583,1577.918
2025-10-21,1584.792,1620.713,1578.795,1618.228
2025-10-22,1606.697,1631.533,1595.039,1615.373
2025-10-23,1608.492,1609.342,1578.204,1604.726
2025-10-24,1621.57,1664.148,1621.125,1661.66
2025-10-27,1686.249,1694.893,1659.305,1685.373
2025-10-28,1673.6,1696.192,1664.936,1675.373
2025-10-29,1672.385,1692.944,1665.601,1691.175
2025-10-30,1685.911,1694.993,1666.799,1667.814
2025-10-31,1661.928,1677.68,1647.657,1650.514
2025-11-03,1644.116,1645.025,1608.95,1640.975
2025-11-04,1642.213,1645.449,1604.018,1615.616
2025-11-05,1585.154,1623.477,1585.154,1616.075
2025-11-06,1626.647,1657.78,1623.441,1656.475
2025-11-07,1643.015,1655.971,1632.148,1639.824
2025-11-10,1644.209,1656.737,1615.762,1635.669
2025-11-11,1643.807,1652.76,1616.881,1620.333
2025-11-12,1610.484,1621.766,1592.874,1610.395
2025-11-13,1608.341,1640.071,1606.371,1632.057
2025-11-14,1613.003,1629.711,1602.109,1602.109
2025-11-17,1606.021,1618.269,1590.566,1599.648
2025-11-18,1596.126,1612.745,1589.754,1596.412
2025-11-19,1594.488,1602.657,1572.422,1578.39
2025-11-20,1595.322,1597.923,1560.999,1561.887
2025-11-21,1535.406,1544.552,1502.139,1503.36
2025-11-24,1515.334,1538.341,1499.876,1529.397
2025-11-25,1541.728,1568.827,1539.562,1547.691
2025-11-26,1544.057,1574.562,1541.003,1560.57
2025-11-27,1567.018,1595.642,1562.524,1564.1
2025-11-28,1561.14,1584.056,1557.401,1584.056
2025-12-01,1587.526,1591.346,1569.301,1588.485
2025-12-02,1585.258,1585.45,1563.876,1567.483
2025-12-03,1566.589,1571.59,1545.387,1552.543
2025-12-04,1550.063,1567.709,1537.713,1565.288
2025-12-05,1562.072,1578.129,1542.951,1576.524
2025-12-08,1578.732,1615.799,1578.732,1607.835
2025-12-09,1597.968,1618.309,1596.645,1602.387
2025-12-10,1594.793,1609.041,1578.3,1604.564
2025-12-11,1607.136,1608.125,1583.91,1583.91
2025-12-12,1582.144,1614.302,1571.102,1611.935
2025-12-15,1595.789,1605.144,1580.006,1580.322
2025-12-16,1575.671,1577.335,1539.075,1548.325
2025-12-17,1548.293,1584.045,1539.072,1581.948
2025-12-18,1569.914,1586.462,1568.221,1568.221
2025-12-19,1577.929,1587.776,1568.828,1571.219
2025-12-22,1577.812,1601.072,1577.812,1596.497
2025-12-23,1596.339,1613.968,1592.125,1602.589
2025-12-24,1603.3,1624.152,1599.233,1622.726
2025-12-25,1620.389,1639.827,1614.938,1636.693
2025-12-26,1633.83,1646.785,1625.489,1634.296
2025-12-29,1633.244,1653.858,1632.438,1638.081
2025-12-30,1633.504,1651.114,1633.504,1642.579
2025-12-31,1649.634,1651.561,1632.036,1636.703
2026-01-05,1651.943,1695.839,1651.116,1695.839
2026-01-06,1693.455,1723.833,1692.767,1720.406
2026-01-07,1728.812,1749.839,1719.462,1746.723
2026-01-08,1743.141,1779.961,1743.141,1766.567
2026-01-09,1758.3,1805.236,1754.105,1803.4
2026-01-12,1818.963,1858.175,1806.019,1855.381
2026-01-13,1853.175,1853.307,1798.138,1806.017
2026-01-14,1812.331,1874.26,1810.439,1835.411
2026-01-15,1818.17,1832.158,1794.517,1825.301
2026-01-16,1841.793,1869.575,1830.908,1855.029
2026-01-19,1850.649,1864.817,1845.901,1851.073
2026-01-20,1853.533,1868.257,1806.006,1820.478
2026-01-21,1815.133,1871.735,1815.133,1862.687
2026-01-22,1881.935,1891.448,1854.839,1865.343
2026-01-23,1861.44,1899.777,1861.44,1899.777
2026-01-26,1900.541,1908.842,1849.469,1857.497
2026-01-27,1853.522,1896.069,1824.356,1889.464
2026-01-28,1897.125,1901.291,1864.918,1880.565
2026-01-29,1874.218,1890.811,1830.59,1831.104
2026-01-30,1823.884,1844.733,1782.173,1832.559
2026-02-02,1817.906,1831.596,1759.76,1760.225
2026-02-03,1786.63,1804.001,1755.127,1803.143
2026-02-04,1789.037,1789.037,1759.52,1785.426
2026-02-05,1756.943,1770.427,1743.082,1759.681
2026-02-06,1740.812,1775.503,1732.851,1753.605
2026-02-09,1788.499,1798.397,1775.519,1796.862
2026-02-10,1801.672,1816.337,1798.49,1802.458
2026-02-11,1796.572,1805.354,1787.962,1788.217
2026-02-12,1795.947,1820.125,1794.053,1816.149
2026-02-13,1805.512,1831.037,1804.082,1809.178
2026-02-24,1830.148,1831.42,1785.599,1798.208
2026-02-25,1802.192,1826.079,1788.685,1819.723
2026-02-26,1824.233,1850.897,1801.78,1843.204
2026-02-27,1823.675,1853.054,1816.833,1849.773
2026-03-02,1818.586,1853.427,1818.586,1827.539
2026-03-03,1830.303,1832.945,1726.005,1729.173
2026-03-04,1711.796,1748.292,1709.662,1717.99
2026-03-05,1757.738,1769.415,1735.604,1748.531
2026-03-06,1738.81,1774.405,1738.81,1763.814
2026-03-09,1718.11,1746.935,1686.282,1738.997
2026-03-10,1767.96,1792.64,1765.98,1791.544
2026-03-11,1793.561,1806.951,1773.662,1774.026
2026-03-12,1771.639,1782.484,1738.867,1756.144
2026-03-13,1745.501,1759.525,1726.747,1730.776
2026-03-16,1728.512,1742.205,1701.411,1742.006
2026-03-17,1744.511,1745.717,1698.891,1699.051
2026-03-18,1707.424,1729.915,1693.495,1729.118
2026-03-19,1699.934,1712.088,1682.751,1689.342
2026-03-20,1698.496,1709.109,1668.875,1669.985
2026-03-23,1636.2,1651.886,1578.58,1587.676
2026-03-24,1616.525,1639.056,1576.398,1639.056
2026-03-25,1649.325,1684.174,1649.325,1668.08
2026-03-26,1666.151,1672.856,1632.423,1637.568
2026-03-27,1610.713,1672.459,1610.713,1662.719
2026-03-30,1639.315,1661.975,1629.385,1659.737
2026-03-31,1653.05,1666.917,1618.578,1618.578
2026-04-01,1657.443,1678.337,1647.174,1674.193
2026-04-02,1665.186,1667.047,1622.3,1631.319
2026-04-03,1640.048,1648.027,1625.538,1631.666
2026-04-07,1635.162,1660.082,1635.162,1645.51
2026-04-08,1694.712,1738.346,1690.504,1738.346
2026-04-09,1718.833,1743.504,1716.129,1725.077
2026-04-10,1742.642,1764.876,1742.619,1744.451
2026-04-13,1734.909,1772.313,1734.909,1756.154
2026-04-14,1776.311,1793.647,1767.992,1793.647
2026-04-15,1806.653,1826.506,1792.997,1799.641
2026-04-16,1800.872,1830.92,1794.75,1829.673
2026-04-17,1824.493,1849.188,1822.816,1843.931
2026-04-20,1845.583,1863.14,1842.415,1857.482
2026-04-21,1848.746,1849.513,1822.248,1842.374
2026-04-22,1834.102,1874.869,1834.102,1874.601
2026-04-23,1883.496,1885.11,1822.559,1840.602
2026-04-24,1845.202,1868.855,1816.437,1855.328
2026-04-27,1869.908,1909.52,1854.282,1901.625
2026-04-28,1895.881,1914.257,1864.684,1875.79
2026-04-29,1857.886,1890.624,1838.753,1885.911
2026-04-30,1893.833,1961.163,1893.833,1950.427
2026-05-06,1995.859,2060.449,1994.513,2023.663
2026-05-07,2026.434,2067.161,2008.783,2064.034
2026-05-08,2039.605,2046.92,2018.794,2038.281
2026-05-11,2074.038,2111.24,2059.209,2106.974
2026-05-12,2103.529,2127.135,2079.598,2108.634
2026-05-13,2073.796,2152.448,2068.519,2150.271
2026-05-14,2166.659,2169.502,2096.367,2099.563
2026-05-15,2098.471,2136.963,2040.598,2074.78
2026-05-18,2066.283,2127.439,2059.53,2094.473
2026-05-19,2085.59,2149.503,2046.985,2149.248
2026-05-20,2136.714,2199.788,2136.714,2198.875
2026-05-21,2222.891,2238.958,2097.223,2101.716
2026-05-22,2125.295,2153.599,2095.191,2148.183
2026-05-25,2156.06,2224.648,2136.031,2223.694
2026-05-26,2209.628,2209.628,2146.493,2192.217
2026-05-27,2194.316,2218.567,2124.775,2136.748
2026-05-28,2129.117,2182.733,2117.616,2174.333
2026-05-29,2183.468,2186.384,2049.933,2070.582
2026-06-01,2075.323,2083.373,1991.163,1992.226
2026-06-02,2004.497,2041.331,1962.034,2018.697
2026-06-03,2025.289,2105.092,2025.289,2061.055
2026-06-04,2031.725,2091.686,2027.897,2075.258
2026-06-05,2053.444,2084.083,2014.439,2025.383
2026-06-08,1934.122,2002.902,1929.215,1955.275
2026-06-09,1990.098,2031.878,1970.846,2029.96
2026-06-10,2018.893,2068.082,1984.662,2014.203
2026-06-11,2004.557,2040.276,1998.379,2034.301
2026-06-12,2089.37,2099.538,2022.293,2029.326
2026-06-15,2051.1,2128.585,2025.562,2128.585
2026-06-16,2133.597,2168.319,2121.508,2155.569
2026-06-17,2125.84,2224.981,2125.84,2224.702
2026-06-18,2220.09,2310.336,2219.597,2297.928
2026-06-22,2306.708,2320.473,2233.981,2308.94
2026-06-23,2290.366,2341.401,2253.084,2278.729
2026-06-24,2257.675,2348.905,2238.382,2342.639
2026-06-25,2352.366,2395.394,2331.145,2391.953
2026-06-26,2362.924,2393.425,2301.394,2343.66
2026-06-29,2350.42,2419.098,2303.095,2416.671
2026-06-30,2417.107,2524.736,2408.929,2520.357
2026-07-01,2517.8,2565.154,2455.767,2486.641
2026-07-02,2400.744,2463.597,2335.188,2346.276
2026-07-03,2341.087,2396.382,2302.987,2338.134
2026-07-06,2366.544,2374.173,2261.761,2319.716
2026-07-07,2294.306,2359.74,2280.358,2315.59
2026-07-08,2332.756,2373.356,2261.403,2305.499
2026-07-09,2338.795,2461.919,2307.195,2459.393
2026-07-10,2458.021,2510.071,2348.746,2348.746
2026-07-13,2320.753,2377.699,2229.557,2246.33
2026-07-14,2253.216,2278.266,2147.069,2264.311
2026-07-15,2282.57,2287.445,2173.262,2185.418
2026-07-16,2135.492,2205.951,2092.905,2110.357
2026-07-17,2095.611,2100.944,1925.874,1938.766
2026-07-20,1988.495,1998.973,1831.226,1894.627
2026-07-21,1918.983,2061.658,1805.596,2060.485
2026-07-22,2033.047,2091.899,1997.349,2014.102
2026-07-23,2027.817,2032.016,1938.833,1961.717
2026-07-24,1935.874,1986.781,1919.93,1941.07
2026-07-27,1932.841,1989.899,1896.035,1989.308
2026-07-28,1943.653,1980.334,1852.205,1871.397
2026-07-29,1878.105,1891.725,1788.818,1861.237
2026-07-30,1840.779,1854.285,1732.521,1755.219
2026-07-31,1879.301,1911.778,1819.901,1819.901
2026-08-03,1805.624,1818.977,1751.531,1758.21
2026-08-04,1777.427,1854.098,1766.64,1841.991
2026-08-05,1839.074,1947.312,1839.074,1929.991
2026-08-06,1894.97,1977.916,1894.233,1954.046
2026-08-07,1952.193,2019.444,1937.55,2019.444
2026-08-10,2019.181,2027.989,1974.999,2012.302
2026-08-11,1987.744,2028.26,1970.698,1989.773
2026-08-12,1995.971,2032.883,1988.884,2019.765
2026-08-13,2043.318,2072.095,2003.262,2004.581
2026-08-14,2025.132,2032.49,1984.124,2020.447
2026-08-17,2025.916,2099.059,2022.529,2099.059
2026-08-18,2097.444,2112.655,2062.986,2104.767
2026-08-19,2048.973,2057.402,1940.086,1954.023
2026-08-20,1980.407,1994.454,1940.045,1957.922
2026-08-21,1947.718,1982.857,1932.271,1956.853
2026-08-24,1953.838,1955.92,1861.434,1896.155
2026-08-25,1871.895,1912.834,1842.367,1896.075
2026-08-26,1899.714,1921.34,1875.884,1905.399
2026-08-27,1921.707,1976.002,1905.555,1973.975
2026-08-28,1966.177,2000.582,1942.175,1942.905
2026-08-31,1903.849,1980.183,1903.849,1979.748
2026-09-01,1975.334,1978.002,1930.471,1933.138
2026-09-02,1908.076,1923.512,1893.344,1906.638
2026-09-03,1924.92,1926.875,1885.402,1906.51
2026-09-04,1924.137,1939.817,1851.782,1865.366
2026-09-07,1882.76,1912.184,1860.951,1900.887
