窗口,配置,累计,年化,波动,最大回撤,Calmar,夏普,索提诺,平均仓位,换手
2025+,A6 暴露×1.20 上限100%,1.7948106496520624,0.8407202635164863,0.2804636232081422,-0.1475450579598674,5.698057767174841,2.3176229678437807,3.761353462879542,0.7747793679670342,35.04117452280016
2025+,A7 暴露×1.30 上限100%,1.749256931201486,0.8228490491701432,0.2821665001934958,-0.14833311811594463,5.547305009303207,2.2706967945841625,3.668993179608,0.7848166642091166,34.06917440432769
2025+,基准（现状）,1.7185116228562403,0.8107192662584897,0.25638949441799697,-0.14226585282933335,5.6986216308073345,2.4458478762531026,4.039403288562588,0.6943624077335214,36.259131432495
2025+,A1 暴露×1.05,1.7157376801518924,0.8096221428413688,0.2598241378976018,-0.1462761962287017,5.534886493599621,2.414563033494932,3.983919940724228,0.7051946950569415,36.02134648336033
2025+,S1 平滑后×1.05,1.7056663957400922,0.8056350109251902,0.26036378493368856,-0.14136301654009842,5.699050788836725,2.4016152063006433,3.9537750147442368,0.7175773261426907,34.438944511469174
2025+,S2 平滑后×1.10,1.693807518365785,0.8009324476552868,0.264883075048115,-0.14182213217426565,5.647443282485206,2.3552666930951105,3.854533705451889,0.7406125479726346,32.77528755593309
2025+,A2 暴露×1.10,1.689620814692764,0.7992702284375128,0.2609815169839279,-0.14721945885680887,5.429107229737308,2.3829979341034737,3.9137182301225417,0.7116223596619978,35.712692715340346
2025+,AB4 ×1.30 上限100% + 波动25%,1.683638093139753,0.7968931224030951,0.23867005588057547,-0.14610151097853086,5.45437974642298,2.5768895255281263,4.370900803118713,0.6873324418992599,35.76433573347184
2025+,A3 暴露×1.15,1.6816447199688107,0.7961006202191465,0.26223851766194667,-0.1479671708451803,5.380251684693736,2.366087930182014,3.8808611547302343,0.7174775067145778,34.9360022637962
2025+,A4 暴露×1.20,1.6700480296877425,0.7914853869921672,0.26422344128596303,-0.14724765132339868,5.375198720513599,2.3405250074718986,3.833518949387043,0.7249727783449307,34.00104954075992
2025+,A5 暴露×1.30,1.6374968910718595,0.7784870169794555,0.26606965914696595,-0.14626491375294526,5.322445397222127,2.298724967670297,3.745377616177077,0.7366012453824607,33.48117088444812
2025+,S3 平滑后×1.20,1.6326207278185514,0.7765342599113798,0.2721273738522419,-0.15119671516688682,5.135920175608736,2.2494672335351518,3.6556782096336304,0.7677597964217332,28.571675707975267
2025+,AB2 ×1.20 + 波动25%双向,1.477656262727285,0.7136886309949451,0.22258928548583648,-0.14464462875553186,4.9340831881228695,2.5331399303908033,4.2599563666471045,0.6330925972349972,34.527255883731925
2025+,S5 平滑后×1.30 上限100%,1.4715660328071167,0.7111866175957204,0.3047573654198409,-0.1743972591214613,4.077969006957884,1.9162265073349591,3.0441651938667538,0.8745346278714394,23.53114155877464
2025+,B1 波动目标30% 只降,1.4450542414185685,0.700265616989568,0.21562669161170264,-0.14226710450673652,4.922189282037509,2.5712934264490794,4.36966354021797,0.6103397670096031,34.919479923580994
2025+,B4 波动目标30% 双向,1.430138012442482,0.6941000247480933,0.21941714788364075,-0.1446446287555313,4.798657445629839,2.5140782951171645,4.228726320044782,0.6229888184004966,34.15905826217936
2025+,S4 平滑后×1.30,1.4168079273586343,0.688577038044734,0.27911632986280055,-0.164367755857024,4.189246451984766,2.0177813633372943,3.236772810045865,0.8011956573812198,26.02938635455379
2025+,AB1 ×1.10 + 波动25%双向,1.3949135429153587,0.679478712406101,0.2132376847792653,-0.1410390194951936,4.817664748649638,2.5400139880536234,4.260717395953678,0.608027014093759,34.08873238392373
2025+,AB3 ×1.20 + 波动20%双向,1.3721496976680596,0.6699831674841172,0.20496218830586352,-0.13509010936371224,4.959527908000096,2.606451649844827,4.397671005369765,0.5840569140163142,33.547017783924815
2025+,B2 波动目标25% 只降,1.3104124982622047,0.6440423582451014,0.200215579811001,-0.13728713203191822,4.691207025108278,2.585127862802194,4.35347137859818,0.5699336333985195,33.94380263194115
2025+,B5 波动目标25% 双向,1.2969244611980333,0.6383376106167742,0.2022494147593881,-0.13724266501373972,4.651160122494478,2.543947487985243,4.260684798951576,0.5771880268843181,33.4076815431865
2025+,B3 波动目标20% 只降,1.2163119096001602,0.6039545408894835,0.18292121475151088,-0.12635318199918644,4.779891818580192,2.6762788116986114,4.584159399359473,0.5195905268678412,31.40357843231904
2025+,B7 波动目标20% 双向1.5,1.2085543545145288,0.6006191765742366,0.18330791185870265,-0.12635318199918588,4.753494665279625,2.6596400059728094,4.5519100467731795,0.5253251125429855,30.995801748965704
2025+,B6 波动目标20% 双向,1.2069576127452,0.5999320663329699,0.18316908992900582,-0.12635318199918633,4.748056652319479,2.659168897329261,4.550859543439907,0.5239677169281326,31.075739564017073
2025+,S6 平滑后×1.50 上限100%,1.035029467823804,0.5247210376879083,0.32746524282227074,-0.2343648812966781,2.2389064214090793,1.4522055475604847,2.2468765374547344,0.9150542556835681,18.317519256326705
2025全年,A6 暴露×1.20 上限100%,0.5369551304873172,0.5424242459322621,0.24964243569134933,-0.13210610728126593,4.105974031748508,1.8607549071614662,3.134514766610948,0.8332335688668806,17.220688466070648
2025全年,A7 暴露×1.30 上限100%,0.5241609062569894,0.5294788275148095,0.25103800809789173,-0.13754377861411737,3.849529457819217,1.8182258471270734,3.0361259977124453,0.84299066482103,16.815694966199686
2025全年,S1 平滑后×1.05,0.4792253002934277,0.4840193668627284,0.22898269859654224,-0.1255027202082849,3.8566444301720706,1.8385277780620732,3.08561794889801,0.7702284588328625,15.840684968453091
2025全年,A1 暴露×1.05,0.47488349866249835,0.47962754812283315,0.22568276874923576,-0.1239260406827758,3.8702725067330954,1.849007407097643,3.1010102996757056,0.7503517520120049,17.15785399377924
2025全年,S5 平滑后×1.30 上限100%,0.4739086852560772,0.4786415196426623,0.2777740817399811,-0.1743972591214613,2.7445472598242473,1.54712874101858,2.4398629691702687,0.9429362419050542,10.007058786085912
2025全年,S2 平滑后×1.10,0.46890280505883775,0.4735781325650228,0.23488897603947612,-0.1363903526568211,3.4722260287471616,1.7680770792199874,2.9186867445734235,0.7982173060105517,14.812401110104414
2025全年,基准（现状）,0.4675245223522999,0.47218404134852787,0.22155104184696583,-0.1213317916601101,3.8916761624296345,1.8565987020326178,3.1042089992661803,0.7391073463807016,17.406338119888776
2025全年,S6 平滑后×1.50 上限100%,0.46054251843115024,0.4651221222882511,0.2811455439872062,-0.1794508879695227,2.5919187558840378,1.4993680926797466,2.3386420914194668,0.9592860164629672,6.766379317211006
2025全年,A2 暴露×1.10,0.4585700110211903,0.4631270882927623,0.2265596556632865,-0.1274713528562884,3.6331856367359325,1.793194857538339,2.97746870145435,0.7574255582237946,17.087996034763524
2025全年,A3 暴露×1.15,0.4544489493362034,0.4589590349235395,0.2279650372427208,-0.12987468945376757,3.533860499330924,1.7710069547453646,2.9321082425791594,0.7636005192339881,16.696137522179963
2025全年,A4 暴露×1.20,0.45302120692299397,0.4575150349849695,0.23016242834421924,-0.1316999006981706,3.4739208804226767,1.7519443244251138,2.901262530597698,0.7725167115853495,16.056847103016075
2025全年,S3 平滑后×1.20,0.45176798201947,0.4562475494287024,0.2441182112496433,-0.15119671516688682,3.0175758046404035,1.6618209720891153,2.687326770129404,0.8263935262873214,11.923924945306084
2025全年,A5 暴露×1.30,0.4435529053986511,0.4479392163681648,0.23248608008560312,-0.1369941294665744,3.269769428167057,1.708421436312163,2.8009103710777037,0.785796931374024,15.757865742531848
2025全年,AB4 ×1.30 上限100% + 波动25%,0.4399870271825228,0.44433298027146195,0.22522938441111615,-0.1401827728021977,3.1696689357003227,1.7450303768065376,2.892901017353423,0.7725625734146837,17.31673710612983
2025全年,S4 平滑后×1.30,0.4157686770967379,0.419842493964635,0.2521604851564267,-0.164367755857024,2.5542874377979525,1.516451610894468,2.3814974186301585,0.861171816198818,10.001808013650148
2025全年,AB2 ×1.20 + 波动25%双向,0.37548259493272895,0.37911142496569483,0.20757634584947757,-0.13409351705312844,2.827216656682136,1.6524351875483063,2.696550283925823,0.7074423423606633,16.39460082034067
2025全年,AB3 ×1.20 + 波动20%双向,0.37344192052150005,0.3770484698818102,0.1886806547287301,-0.11997942479118395,3.1426094143894674,1.790285989594281,2.9622165522249846,0.6605415347444328,15.648202703542122
2025全年,B1 波动目标30% 只降,0.3732436781056898,0.3768480643474057,0.1977971060927825,-0.1210477728795174,3.1132176609518885,1.7157816843598923,2.8426565727713324,0.6778896092209546,17.096824139540683
2025全年,AB1 ×1.10 + 波动25%双向,0.3613626376565966,0.36483782193164704,0.1987981970183744,-0.12960298476379506,2.8150418186477473,1.6641113907155585,2.720482556447511,0.6849175029802604,16.250432123652388
2025全年,B4 波动目标30% 双向,0.3611789322783301,0.364652125605764,0.20404429948608777,-0.13247534432152142,2.752603720136355,1.625805186203662,2.6444875325896318,0.6955705520367623,16.39466530211834
2025全年,B3 波动目标20% 只降,0.35840248774891936,0.36184561598180376,0.17188554641509737,-0.1082708109883661,3.3420421688785957,1.8830400482589595,3.1645562944507426,0.6013013972684313,15.339871017037716
2025全年,B2 波动目标25% 只降,0.35677398439332264,0.36019950021506286,0.1850730161686649,-0.11752152680935124,3.0649661384964566,1.7549654722913628,2.89641455927382,0.6443758785933745,16.631668596889966
2025全年,B7 波动目标20% 双向1.5,0.35364779501748056,0.3570395465948202,0.17257137211897852,-0.1082708109883661,3.2976528330722803,1.8557249570046754,3.1141682200056633,0.6110242338863716,14.932094333684379
2025全年,B6 波动目标20% 双向,0.3526691340346344,0.35605032802452374,0.17231732753091394,-0.1082708109883661,3.2885163117766205,1.853971358896962,3.1106793432815847,0.6087228059303246,15.01203214873575
2025全年,B5 波动目标25% 双向,0.3471770315758054,0.350499087783827,0.18863969617429038,-0.12308218622356215,2.847683312572888,1.68734879737673,2.7563686770722353,0.6564718677912844,16.115495699670003
2026,基准（现状）,0.7156178384994294,1.1901201777851398,0.2991988320334682,-0.15851946104294823,7.507722837025667,2.7727636263310864,4.49161366227611,0.6408446707509232,17.803481423815757
2026,A2 暴露×1.10,0.7141165982210553,1.1873373126156843,0.303910511246074,-0.16280782863544763,7.292876040219892,2.7302657818253437,4.401533901204239,0.6585874889007841,17.633434707038766
2026,A3 暴露×1.15,0.7129412720227122,1.1851593671917002,0.3053541759182623,-0.16494023492376497,7.185386681057394,2.7155161315614538,4.375493856312183,0.6655389302695186,17.126350365904734
2026,A1 暴露×1.05,0.7126795250474987,1.1846744273708056,0.30251023116581965,-0.16201450219751756,7.312150525429705,2.7374657654520274,4.415779005706262,0.6548462960960105,17.813819987288177
2026,AB4 ×1.30 上限100% + 波动25%,0.7106418655213269,1.1809003928441548,0.25578489503653057,-0.1648977003604748,7.1614121377232305,3.179904813103816,5.42493529038437,0.5755586406520734,17.640771392137445
2026,A4 暴露×1.20,0.7024754366014139,1.165795423566252,0.30685557712383704,-0.16510064307675199,7.061119822678686,2.6746647233166674,4.290549997183998,0.6706940826410701,17.047406247470207
2026,S1 平滑后×1.05,0.7013555512191065,1.1637265875540859,0.30102517710484533,-0.15880860703202437,7.327855897126624,2.717438851296816,4.367181276382496,0.661155337461672,17.3250609302758
2026,S2 平滑后×1.10,0.69399895343078,1.150151596406367,0.3045961689466245,-0.16323058307859362,7.046177099377172,2.6683472063963247,4.2934420975687875,0.6812791261467136,16.68729640581627
2026,A5 暴露×1.30,0.6920058431294864,1.146478331894977,0.3080095956343967,-0.16384784684487874,6.997213292527392,2.636612237263835,4.22032149083223,0.6783143491894866,16.862676565194768
2026,A6 暴露×1.20 上限100%,0.6751162780077247,1.11542986264267,0.3205240783775662,-0.1659075805536937,6.723200102852899,2.5005318671005377,3.9052474804269384,0.7048181200687375,17.16314213368989
2026,AB2 ×1.20 + 波动25%双向,0.6735929371132694,1.1126364058350298,0.24217829915605446,-0.15971013139383217,6.966598775699182,3.2130638627119468,5.472570019641567,0.5395648266233468,17.0314681506691
2026,S3 平滑后×1.20,0.6704666142221041,1.106907051317875,0.3103587308484424,-0.1610162830435916,6.874503810389202,2.5587327402610183,4.129535994456489,0.7130054215231411,14.800610094511885
2026,A7 暴露×1.30 上限100%,0.6603082165566616,1.0883240918163035,0.3223618448069483,-0.1686444040465067,6.453366169897774,2.447990673945518,3.813028485833616,0.7167473028990495,16.65872963505845
2026,B1 波动目标30% 只降,0.6478592328469723,1.0656209775966246,0.23755108846759085,-0.15854439771560713,6.721278032845457,3.17595857041863,5.43368825037819,0.5226523576817116,16.748632028487272
2026,B4 波动目标30% 双向,0.6474433466650753,1.0648638644849528,0.23802226773050508,-0.158831713732548,6.704352924618351,3.168599888335718,5.415099145447011,0.5264163641004327,16.79651018630968
2026,AB1 ×1.10 + 波动25%双向,0.6402934568763914,1.051861152350944,0.2313844285872062,-0.15595886433601924,6.74447814703672,3.225564853432643,5.456794080827593,0.5109018908967904,16.84198858241674
2026,AB3 ×1.20 + 波动20%双向,0.6212653711713012,1.0173818408284268,0.2268006530569278,-0.15238270370414198,6.676491597128495,3.21128930056628,5.388834885873584,0.4949137169197958,16.62068916038654
2026,B2 波动目标25% 只降,0.5877721507775071,0.9571356525908716,0.2178458757405918,-0.15220407726357577,6.288502054602475,3.194643494547349,5.388507205351622,0.47570733014073363,16.096270210095785
2026,B5 波动目标25% 双向,0.5877721507775071,0.9571356525908716,0.2178458757405918,-0.15220407726357577,6.288502054602475,3.194643494547349,5.388507205351622,0.47570733014073363,16.096270210095785
2026,B7 波动目标20% 双向1.5,0.5459380704965335,0.8826907602775125,0.20103610796240237,-0.13981919669740095,6.313087051900625,3.2510911197864423,5.431316537118518,0.42757783999052623,15.256196148773045
2026,B3 波动目标20% 只降,0.5459380704965335,0.8826907602775125,0.20103610796240237,-0.13981919669740095,6.313087051900625,3.2510911197864423,5.431316537118518,0.42757783999052623,15.256196148773045
2026,B6 波动目标20% 双向,0.5459380704965335,0.8826907602775125,0.20103610796240237,-0.13981919669740095,6.313087051900625,3.2510911197864423,5.431316537118518,0.42757783999052623,15.256196148773045
2026,S4 平滑后×1.30,0.5376613162419266,0.8680689635680616,0.3201113325035829,-0.16871017097310714,5.145326796606927,2.113297654073311,3.3893137653002112,0.7665155301244405,13.515177188379868
2026,S5 平滑后×1.30 上限100%,0.49774546470296044,0.7980544063363997,0.34719197716340955,-0.17723458897494582,4.50281410052081,1.8640540375575705,2.936902748707777,0.829051463873703,11.151869543739684
2026,S6 平滑后×1.50 上限100%,0.21614915224090114,0.3287193806600066,0.3943054448953606,-0.23436488129667832,1.402596578639644,0.9167067432216202,1.3850223638551131,0.9187815540961047,7.859007346907768
2026-03+,基准（现状）,0.8357941553525419,2.0227060069170877,0.3068661068888346,-0.11740255028125213,17.228808080160487,3.764406517974653,6.586813894360045,0.5964308516407635,14.880788766841135
2026-03+,A1 暴露×1.05,0.8158399782580827,1.9631469752217594,0.3126186859751897,-0.1232600034562672,15.926877496139925,3.636931225436039,6.265907323026813,0.6087546991442166,14.697894608161308
2026-03+,A2 暴露×1.10,0.8116867857155003,1.9508177791101766,0.3145337555931196,-0.12430616082253376,15.693653204327296,3.603386760812229,6.186323248915792,0.6152308441219462,14.601246894296736
2026-03+,A3 暴露×1.15,0.8095744138573606,1.94455586983011,0.31573676734905487,-0.12479328687068314,15.582215346608795,3.5840990707305056,6.143450694097048,0.6210959880840167,14.323941803643594
2026-03+,A4 暴露×1.20,0.7969616785656444,1.9072915737311193,0.3176749566388019,-0.12527990983418336,15.224241271050934,3.5239396938888765,5.999323184375569,0.6276997420898017,14.29467221128063
2026-03+,AB4 ×1.30 上限100% + 波动25%,0.7953399756393482,1.9025157840372549,0.2520877492543625,-0.07673885506654776,24.792079349990257,4.360337242352957,8.499093497769026,0.4987221799334074,14.667631894076202
2026-03+,A5 暴露×1.30,0.7855740036141476,1.8738306190796354,0.31823698615910256,-0.12363825450026034,15.155751160137,3.481703900094028,5.93482944050428,0.6359509008586294,14.227954260252616
2026-03+,S1 平滑后×1.05,0.7777528631592217,1.8509505817563952,0.31098950293844385,-0.12505694121062028,14.800862421854967,3.5298715913587744,5.981730310614362,0.6118937087049923,14.569160226426376
2026-03+,A6 暴露×1.20 上限100%,0.7617623197984806,1.8044284778099682,0.3301612465034498,-0.14008986831859704,12.880506630974029,3.29356023153739,5.4099393161837845,0.6505696022511485,14.250608884428452
2026-03+,S2 平滑后×1.10,0.7605191547454411,1.8008261347830312,0.3154487716530882,-0.1265815187854964,14.226611847142479,3.4278736696255,5.791096785036263,0.6316186031184756,14.19206069768848
2026-03+,AB2 ×1.20 + 波动25%双向,0.7565970947350873,1.7894747901588302,0.23929869038176424,-0.07580690413665414,23.605696744098854,4.413765320260896,8.676705773664079,0.4708341706255031,14.291668786569552
2026-03+,B4 波动目标30% 双向,0.7503048036665323,1.7713068797524296,0.23449622860298522,-0.07007373208774892,25.27775854059456,4.471345215563309,8.933002360116035,0.45380880222029996,13.71977533922924
2026-03+,B1 波动目标30% 只降,0.7503048036665323,1.7713068797524296,0.23449622860298522,-0.07007373208774892,25.27775854059456,4.471345215563309,8.933002360116035,0.45380880222029996,13.71977533922924
2026-03+,A7 暴露×1.30 上限100%,0.7457474704155587,1.758181789446366,0.3321983436673032,-0.14105026581969027,12.464930705582015,3.2251450071121353,5.274246663034395,0.6631977701674371,13.979952279584996
2026-03+,AB1 ×1.10 + 波动25%双向,0.7140015806948368,1.6675340961201686,0.22673433544028218,-0.07487551940295345,22.270751634403826,4.4477317375576035,8.779801870965738,0.44132831958496815,13.870273085541225
2026-03+,S3 平滑后×1.20,0.7118648597566744,1.6614819514102641,0.32126020200507316,-0.12968980907895666,12.811198992503268,3.2119986974744275,5.421446001945372,0.6654709834806444,12.98783200404576
2026-03+,AB3 ×1.20 + 波动20%双向,0.6880921041772619,1.5945653296267133,0.2238301627568867,-0.07580690413665414,21.034566017262097,4.37831555566204,8.40484719128371,0.43950690724866287,14.119121232322213
2026-03+,B2 波动目标25% 只降,0.675209628920904,1.5586243653057275,0.21406037111080653,-0.07007373208774892,22.24263384964231,4.502768706660463,8.923339907094032,0.412848581066166,13.276454662682227
2026-03+,B5 波动目标25% 双向,0.675209628920904,1.5586243653057275,0.21406037111080653,-0.07007373208774892,22.24263384964231,4.502768706660463,8.923339907094032,0.412848581066166,13.276454662682227
2026-03+,B7 波动目标20% 双向1.5,0.5993998589846279,1.351713895508024,0.19874011536361416,-0.07007373208774892,19.289880176716654,4.408526793829726,8.45332994339459,0.3762695473254632,12.785556709929114
2026-03+,B3 波动目标20% 只降,0.5993998589846279,1.351713895508024,0.19874011536361416,-0.07007373208774892,19.289880176716654,4.408526793829726,8.45332994339459,0.3762695473254632,12.785556709929114
2026-03+,B6 波动目标20% 双向,0.5993998589846279,1.351713895508024,0.19874011536361416,-0.07007373208774892,19.289880176716654,4.408526793829726,8.45332994339459,0.3762695473254632,12.785556709929114
2026-03+,S4 平滑后×1.30,0.5797243030524968,1.2993008462948792,0.3324624974340018,-0.12968980907895666,10.018526941495049,2.6729407387926205,4.478175402044338,0.7259654622345574,12.046465219051623
2026-03+,S5 平滑后×1.30 上限100%,0.5245995958064968,1.1552992443769443,0.3609273291914989,-0.14857136951240502,7.776055697463864,2.309483248465425,3.775074674698126,0.7856004006619516,10.350687373339735
2026-03+,S6 平滑后×1.50 上限100%,0.23422854222169232,0.46697195887192766,0.4177605593757834,-0.23436488129667843,1.9924997136443663,1.1246007065199972,1.7348402035989838,0.8970698685956553,7.370839845982395
