date,512800 银行ETF × sign,512800 银行ETF × sign±10,512800 银行ETF × pos(模型仓位),512800 银行ETF × 买入持有
2025-01-02,0.9766431473486613,0.9766431473486613,0.9766431473486613,1.0
2025-01-03,0.9699167086876593,0.9699167086876593,0.9686868468821765,0.9931129476584022
2025-01-06,0.965103046196105,0.965103046196105,0.9741635554377139,1.002754820936639
2025-01-07,0.9926800988577021,0.9926800988577021,0.9904271232421162,1.0082644628099173
2025-01-08,0.993393406722156,0.993393406722156,0.993244571815851,1.0165289256198347
2025-01-09,0.9866628570027092,0.9866628570027092,0.9888040122881756,1.0096418732782368
2025-01-10,0.9799325512322641,0.9799325512322641,0.9781812593996572,1.002754820936639
2025-01-13,0.9664719392664735,0.9664719392664735,0.9739682722968575,0.9889807162534435
2025-01-14,0.9826246736254222,0.9826246736254222,0.9977665122214475,1.0055096418732783
2025-01-15,0.9907010408048965,0.9907010408048965,1.0014087793712498,1.0137741046831956
2025-01-16,1.00012346918095,1.00012346918095,1.004932236595177,1.0234159779614325
2025-01-17,1.0132740135187164,0.9947392243946338,1.0052265131027136,1.0179063360881544
2025-01-20,1.0157558719091289,0.9934798786322603,1.0039441437763406,1.0137741046831956
2025-01-21,1.024174423475628,1.0017106551138084,1.0090138903949524,1.0137741046831956
2025-01-22,1.0231715403861514,1.0007297697167783,1.0052014560233489,0.9944903581267217
2025-01-23,1.0134846968210593,0.9912553928918584,1.0016613656316313,1.019283746556474
2025-01-24,1.0226407256965329,1.0002105976707083,1.009618929550313,1.022038567493113
2025-01-27,1.0019284623925289,0.9799526275568664,0.9949923788675954,1.0358126721763086
2025-02-05,1.020056376115932,0.9976829320167918,1.0159821160499156,1.019283746556474
2025-02-06,1.0546913786829242,1.0315582664792058,1.0354770800086004,1.019283746556474
2025-02-07,1.062596017492368,1.039289528602157,1.0412707605227558,1.0165289256198347
2025-02-10,1.0813343543261922,1.057616867434813,1.0566557216522028,1.0179063360881544
2025-02-11,1.0684503128342249,1.045015418541491,1.0477181199277608,1.0261707988980717
2025-02-12,1.0785701332621165,1.0620767989948876,1.0630589815796714,1.0330578512396695
2025-02-13,1.0800086733283156,1.0631197229560163,1.0429716491019447,1.034435261707989
2025-02-14,1.0894214477232662,1.0723855697318363,1.0477372747906941,1.0399449035812673
2025-02-17,1.105231731950493,1.0879486199123425,1.0584363428346384,1.037190082644628
2025-02-18,1.077381103670284,1.06053350711272,1.038541811060991,1.0482093663911847
2025-02-19,1.1023165743003303,1.0850790481740027,1.0571812393736104,1.0426997245179064
2025-02-20,1.1007332683414255,1.083520501234847,1.05618787142928,1.044077134986226
2025-02-21,1.166461775272029,1.1482211756154592,1.1050869561889785,1.0289256198347108
2025-02-24,1.1720875191906142,1.1537589467047886,1.1079858982045971,1.0206611570247934
2025-02-25,1.1751209458830785,1.1567449380478418,1.1088857512750778,1.012396694214876
2025-02-26,1.20060620512335,1.1818316703746725,1.1298798223962636,1.0179063360881544
2025-02-27,1.2000383033224777,1.1812726491643293,1.1312006385169477,1.0316804407713498
2025-02-28,1.187386883239249,1.1688190662444924,1.086485280669817,1.0261707988980717
2025-03-03,1.1841989716964736,1.16568100581508,1.0731467095747858,1.0234159779614325
2025-03-04,1.1841989723500266,1.1656810064584129,1.084145587501197,1.0234159779614325
2025-03-05,1.2033246623452032,1.1845076175966966,1.0915031391657932,1.0399449035812673
2025-03-06,1.1969494323468108,1.1782320805506021,1.1136483663136016,1.034435261707989
2025-03-07,1.1969494323468108,1.1782320805506021,1.105566035912639,1.034435261707989
2025-03-10,1.1873865873492226,1.1688187749814603,1.1005567806437009,1.0261707988980717
2025-03-11,1.1937618173476148,1.1750943120275548,1.100958278115232,1.0316804407713498
2025-03-12,1.1937618173476148,1.1750943120275548,1.0952345738152305,1.0316804407713498
2025-03-13,1.1969494323468108,1.1782320805506021,1.0811064123972405,1.034435261707989
2025-03-14,1.21508153188121,1.1960806385446339,1.0985125742080308,1.0482093663911847
2025-03-17,1.2191594015928584,1.1906931342266922,1.094968535502644,1.0523415977961432
2025-03-18,1.2223149342699808,1.197961198426054,1.100126362643463,1.0495867768595042
2025-03-19,1.2347140508014782,1.2101102288852823,1.0919090909562912,1.0661157024793388
2025-03-20,1.2200471894529734,1.2022934505114682,1.080670810641528,1.059228650137741
2025-03-21,1.1949545514943671,1.1749539682782513,1.0596676667269698,1.0454545454545454
2025-03-24,1.1984481183703042,1.178389084686924,1.0638877863691392,1.0550964187327825
2025-03-25,1.203392394325526,1.1832506059661103,1.0527676003864834,1.0606060606060606
2025-03-26,1.1981940216725495,1.1663482495855406,1.0472320321837643,1.0454545454545454
2025-03-27,1.2028897238393341,1.1709583219593884,1.0575649336795445,1.0495867768595042
2025-03-28,1.1997322356866256,1.1678849405373086,1.0490192365376492,1.0468319559228652
2025-03-31,1.2028894236730026,1.1709583219593884,1.045972347480798,1.0495867768595042
2025-04-01,1.1965750434970257,1.1648115591152288,1.0432827781756413,1.044077134986226
2025-04-02,1.2060466137609909,1.174031703381468,1.0476928159047465,1.0523415977961432
2025-04-03,1.2107823988929736,1.1786417755145877,1.0479725759036063,1.056473829201102
2025-04-07,1.1456525191398437,1.1152407901835835,0.9816474705649856,1.0234159779614325
2025-04-08,1.1653797522590505,1.1344443573075123,0.9892436948349057,1.0234159779614325
2025-04-09,1.2155581359486491,1.1832907390342673,1.0238711374117486,1.0137741046831956
2025-04-10,1.2287665607886642,1.1961485418231257,1.0332392585592656,1.022038567493113
2025-04-11,1.2541607027734325,1.2208685878231031,1.0540403407693029,1.024793388429752
2025-04-14,1.2694995541397598,1.2358002642542216,1.0582251648188188,1.0303030303030303
2025-04-15,1.288168341025457,1.2539734819536035,1.056767714421416,1.0454545454545454
2025-04-16,1.3000486812962269,1.2655384546219053,1.063312471401908,1.0550964187327825
2025-04-17,1.301745872785964,1.2671905935964074,1.0654823684963537,1.056473829201102
2025-04-18,1.3136262132141252,1.2787555664179222,1.0605438856308191,1.0661157024793388
2025-04-21,1.2966542983167524,1.262234176672901,1.0640337090637944,1.0523415977961432
2025-04-22,1.3085346387449133,1.2737991494944159,1.0659877163630085,1.0619834710743803
2025-04-23,1.301745872785964,1.2671905935964074,1.0617298370278743,1.056473829201102
2025-04-24,1.3153234047038624,1.2804077053924243,1.0667366518686727,1.0674931129476584
2025-04-25,1.3166228555720512,1.27710342744342,1.0654516914420946,1.0647382920110193
2025-04-28,1.3143423731659825,1.2726344122486046,1.067643314548456,1.0730027548209367
2025-04-29,1.3156988776760075,1.2739512982815049,1.0686166145390743,1.0702479338842976
2025-04-30,1.3269047698935275,1.2848016245427214,1.07340569244421,1.0468319559228652
2025-05-06,1.3453899048450948,1.3027002197957707,1.086478311083883,1.0468319559228652
2025-05-07,1.3814850400100338,1.3376500438903234,1.091861770547978,1.0619834710743803
2025-05-08,1.3785039114881388,1.3347635076031645,1.094400263232227,1.0730027548209367
2025-05-09,1.3514862254466073,1.3086031020449493,1.0852288560347236,1.0867768595041323
2025-05-12,1.3571100780591245,1.3140485078771482,1.0894186748691483,1.0895316804407715
2025-05-13,1.3776988678042825,1.3339840082326637,1.0965604956027448,1.1060606060606062
2025-05-14,1.3897086967208594,1.345612761141387,1.1058209197465576,1.115702479338843
2025-05-15,1.3862773172232006,1.3422902604969975,1.0971132753689607,1.112947658402204
2025-05-16,1.3742674889813948,1.3306615082416346,1.0900056566312741,1.103305785123967
2025-05-19,1.3691204197349065,1.3256777572750507,1.0886962726450502,1.0991735537190084
2025-05-20,1.3742674889813948,1.3306615082416346,1.0918095006142376,1.103305785123967
2025-05-21,1.3828459377255418,1.3389677598526082,1.093000890891773,1.1101928374655647
2025-05-22,1.3948557659673475,1.350596512107971,1.0945664496548386,1.1198347107438016
2025-05-23,1.3811302479767125,1.3373065095304135,1.083394868714997,1.1088154269972452
2025-05-26,1.370836109483736,1.3273390075972453,1.0800846145176433,1.100550964187328
2025-05-27,1.379414558227883,1.3356452592082189,1.076747616037558,1.1074380165289257
2025-05-28,1.3776988684790537,1.333984008886024,1.0747740006084956,1.1060606060606062
2025-05-29,1.3759831787302241,1.3323227585638293,1.0858120423529103,1.1046831955922867
2025-05-30,1.3668550301965658,1.323484249326989,1.081922538686774,1.112947658402204
2025-06-03,1.3734060303664635,1.3298273840052517,1.0887584029583843,1.1322314049586777
2025-06-04,1.3795630009024944,1.3357889917456391,1.0930642639784605,1.1336088154269972
2025-06-05,1.3939670392465824,1.3497359849921438,1.102048256281806,1.1253443526170799
2025-06-06,1.38730083463221,1.343281301346107,1.097657485830387,1.128099173553719
2025-06-09,1.395652826562494,1.3513682816959158,1.1039782764893429,1.1322314049586777
2025-06-10,1.3750764283530101,1.33144477968838,1.0913732475470437,1.137741046831956
2025-06-11,1.3723190119217554,1.3287748570301767,1.0897350898636116,1.1418732782369145
2025-06-12,1.3681779907971925,1.324765231932114,1.0872563190192819,1.1460055096418733
2025-06-13,1.3611382548854356,1.3179488692654073,1.0808817470165437,1.1363636363636362
2025-06-16,1.358270317957951,1.315171932964384,1.0804054436312556,1.1501377410468319
2025-06-17,1.347346975748293,1.30459519216517,1.0723884456865451,1.1473829201101928
2025-06-18,1.3544762472519325,1.3114982494285914,1.0788218049542893,1.159779614325069
2025-06-19,1.3471511166410501,1.3044055477348562,1.0733944493788705,1.1584022038567494
2025-06-20,1.3400568199779896,1.2975363555482764,1.0696338218929304,1.1707988980716253
2025-06-23,1.345116979912971,1.3024359548657403,1.0747602142379244,1.1859504132231404
2025-06-24,1.3692146450719564,1.3257689928097034,1.0921557831625575,1.1887052341597797
2025-06-25,1.3928520413289214,1.348656366342429,1.1101961193884076,1.2011019283746556
2025-06-26,1.3849645152815273,1.3410191142130783,1.1058062818991288,1.2134986225895317
2025-06-27,1.382500887511137,1.3386336582003457,1.1007879799482159,1.1804407713498624
2025-06-30,1.4037697875640867,1.3592276887293482,1.1157696572089397,1.1790633608815426
2025-07-01,1.3917118615260433,1.347552364837388,1.1090019305527372,1.196969696969697
2025-07-02,1.3747014980620023,1.3310817460646363,1.0974424438951096,1.2024793388429753
2025-07-03,1.3779373703123787,1.3342149429740346,1.0997449206294783,1.2024793388429753
2025-07-04,1.377731718249774,1.3340158163222053,1.1017778767449955,1.2245179063360883
2025-07-07,1.3686256687566047,1.3251987049156884,1.095949615962755,1.231404958677686
2025-07-08,1.3877289266808976,1.3436958098866498,1.1091813633072682,1.2272727272727273
2025-07-09,1.375366020033005,1.3317251825246295,1.1015352329510835,1.2327823691460056
2025-07-10,1.3709983619414896,1.3274961117286324,1.0998879739997116,1.2479338842975207
2025-07-11,1.3912264107388057,1.3470823175708244,1.1118931290891798,1.2231404958677687
2025-07-14,1.3883458828687127,1.3442931898421384,1.1108019407383893,1.2327823691460056
2025-07-15,1.393741801273253,1.349517893897283,1.1134285789551839,1.2203856749311295
2025-07-16,1.3893204893021616,1.3452368716777876,1.114258277867276,1.2148760330578512
2025-07-17,1.3845945640035646,1.340660901616581,1.1207788458399575,1.2107438016528926
2025-07-18,1.3908953350537063,1.3467617470312399,1.1238608764896836,1.216253443526171
2025-07-21,1.3861697563395055,1.3421861125571872,1.1230104791192645,1.2121212121212122
2025-07-22,1.3888714615823414,1.3448020917621681,1.1264525434735213,1.194214876033058
2025-07-23,1.3951437912636095,1.3508753982623831,1.1314208955682228,1.2011019283746556
2025-07-24,1.4115202681053591,1.366732243853687,1.1409110446624608,1.1831955922865014
2025-07-25,1.4095773476266393,1.3648509729109226,1.161396578848143,1.1818181818181819
2025-07-28,1.4128643709171944,1.3680336978203778,1.1635983325585633,1.184573002754821
2025-07-29,1.3947928505321134,1.350535593001166,1.166415984234444,1.1694214876033058
2025-07-30,1.3837737504161551,1.3398661327269987,1.1628440018371142,1.1763085399449036
2025-07-31,1.3697844856297474,1.3263207521303362,1.1520130869914547,1.1680440771349863
2025-08-01,1.3725943137527326,1.3290414234392403,1.1425108060494584,1.174931129476584
2025-08-04,1.3882115692505033,1.344163138041295,1.1533036028787076,1.1818181818181819
2025-08-05,1.3938205811076887,1.3495941740204405,1.1599547724400787,1.199724517906336
2025-08-06,1.3884882418869513,1.3574267561105315,1.1659524923054705,1.1983471074380165
2025-08-07,1.3833647138405156,1.3554337067038722,1.1649421129398831,1.2038567493112948
2025-08-08,1.3641929955570204,1.3366457576698891,1.1498674148447448,1.1983471074380165
2025-08-11,1.3722889683368726,1.3445782480140027,1.1550757586585614,1.1887052341597797
2025-08-12,1.398537803934371,1.3702970391684441,1.175229106902658,1.1914600550964187
2025-08-13,1.4088509203260573,1.380401902130613,1.181979211919923,1.1804407713498624
2025-08-14,1.4193588211444592,1.3906976162249107,1.1898000801791346,1.1790633608815426
2025-08-15,1.4396961454828368,1.4106242676512588,1.2035961779683773,1.162534435261708
2025-08-18,1.4704550902895273,1.440762095086532,1.2271445815916688,1.165289256198347
2025-08-19,1.4540409073241314,1.424679364784467,1.214867018389155,1.1666666666666667
2025-08-20,1.5009473503777615,1.4706386229852,1.2508923962237501,1.1721763085399448
2025-08-21,1.5119849679104962,1.481453357189771,1.2524290126736344,1.177685950413223
2025-08-22,1.5066802608190335,1.4762557683933584,1.3342258580438893,1.1735537190082646
2025-08-25,1.5172906863359592,1.486651936898251,1.371215113740819,1.1818181818181819
2025-08-26,1.50844866602041,1.4779884640735752,1.3595492297551233,1.174931129476584
2025-08-27,1.488342279163356,1.4582880867930375,1.3507653247767808,1.1542699724517906
2025-08-28,1.5959946915626166,1.5637666670324035,1.4337198322174456,1.159779614325069
2025-08-29,1.5687508446773422,1.5370729569178574,1.411621636486549,1.1515151515151516
2025-09-01,1.5872732508338427,1.555221338923071,1.4271210837001376,1.137741046831956
2025-09-02,1.5535090692759712,1.5221389596777273,1.3967650061716312,1.159779614325069
2025-09-03,1.5222074159412808,1.491469382663115,1.3736020181732655,1.143250688705234
2025-09-04,1.5368798396533387,1.5058455251695961,1.320245424003914,1.1542699724517906
2025-09-05,1.573054159931248,1.541289375047169,1.3454195452298443,1.143250688705234
2025-09-08,1.5821271593484467,1.5501791627974832,1.351227913835551,1.137741046831956
2025-09-09,1.5445043576262298,1.5133160807555441,1.3231267665470132,1.1460055096418733
2025-09-10,1.5613292183452854,1.5298011959686542,1.3362784280225661,1.1473829201101928
2025-09-11,1.644333765953733,1.6111296273527895,1.4009892340656642,1.1528925619834711
2025-09-12,1.6591956435862418,1.6256913981243937,1.4104249465770191,1.1349862258953167
2025-09-15,1.6621456983953982,1.628581882285065,1.4114758991977363,1.1239669421487604
2025-09-16,1.6840324017924595,1.6500266260580156,1.427036250395056,1.112947658402204
2025-09-17,1.6993878152862734,1.6650719666892024,1.4383788983063508,1.1088154269972452
2025-09-18,1.7116902506631713,1.6771259781890009,1.4454003578196848,1.0881542699724518
2025-09-19,1.6897390651937783,1.6556180544343961,1.4259552041821233,1.090909090909091
2025-09-22,1.7467759382505057,1.71150317820667,1.4676209746510536,1.0798898071625345
2025-09-23,1.7714958710061972,1.7098714336804903,1.468214144863123,1.09366391184573
2025-09-24,1.8425224751939322,1.7696093213340123,1.517232185069303,1.090909090909091
2025-09-25,1.8228261116899374,1.7506880279766655,1.5347584775555747,1.0853994490358128
2025-09-26,1.8251412155824658,1.752911511962428,1.515601027824643,1.0867768595041323
2025-09-29,1.8182015166549674,1.7462464506314432,1.5229484196495164,1.0826446280991737
2025-09-30,1.7996956488033014,1.728472949863894,1.5245141160148181,1.0716253443526171
2025-10-09,1.8075530441876826,1.7360193899452043,1.5390718993938675,1.0702479338842976
2025-10-10,1.706089897234725,1.638571632579747,1.4980449689911413,1.0743801652892562
2025-10-13,1.729980513143101,1.6615167807667055,1.5337294934994188,1.0840220385674932
2025-10-14,1.656322715691509,1.5907739801568979,1.4790900889973375,1.1101928374655647
2025-10-15,1.6794557998059279,1.6129915757627367,1.4983289079357534,1.115702479338843
2025-10-16,1.6636923711120288,1.597851982513939,1.488063247862338,1.1322314049586777
2025-10-17,1.6009686759656225,1.5376105686681236,1.4377102622018156,1.1308539944903582
2025-10-20,1.6065249850962167,1.5429469876563566,1.4418386597237696,1.128099173553719
2025-10-21,1.6516460674230613,1.5862824095774974,1.4784390583784734,1.1322314049586777
2025-10-22,1.650576146134122,1.5852548302711604,1.478931380309092,1.1418732782369145
2025-10-23,1.645701016309329,1.580572633014734,1.4759803392987858,1.1487603305785123
2025-10-24,1.717302356925649,1.6493403607755885,1.532298144701432,1.1418732782369145
2025-10-27,1.7431214015096657,1.674137620348049,1.55314106045881,1.143250688705234
2025-10-28,1.728470174199549,1.6600662132717006,1.5414326945212056,1.1418732782369145
2025-10-29,1.7488961577969482,1.6796838414778612,1.5546996726472624,1.1198347107438016
2025-10-30,1.7455591526714962,1.6764788978549017,1.5283326681323266,1.1184573002754823
2025-10-31,1.7477073471161106,1.6785420778103752,1.4882853987555624,1.1198347107438016
2025-11-03,1.7692043622328382,1.6991883516160526,1.4790720849807228,1.1336088154269972
2025-11-04,1.742794017854371,1.734287017440984,1.470469252202857,1.1570247933884297
2025-11-05,1.6954654629630834,1.734287017440984,1.4735961702725762,1.1570247933884297
2025-11-06,1.6873964620331,1.7260285078351176,1.5096719648508932,1.1515151515151516
2025-11-07,1.6853780450006235,1.7239638804336512,1.4937727440021862,1.1501377410468319
2025-11-10,1.6934517122810457,1.7322223900395173,1.4940305758719385,1.1556473829201102
2025-11-11,1.701525379561468,1.7404808996453836,1.4816691477917137,1.1611570247933884
2025-11-12,1.7116174636619959,1.7508040366527162,1.478846770281765,1.1680440771349863
2025-11-13,1.7342709329522203,1.7739761450937088,1.4913297476770158,1.165289256198347
2025-11-14,1.7140205373379822,1.7532621274244993,1.4613381511561783,1.1694214876033058
2025-11-17,1.6918155391164142,1.730548757559126,1.4506498403572419,1.1542699724517906
2025-11-18,1.683740048596274,1.7222883829714757,1.4496448090176433,1.1487603305785123
2025-11-19,1.6998910322738086,1.738809134844409,1.4580025620704584,1.159779614325069
2025-11-20,1.7140231429916515,1.7532647927332259,1.4677792983573514,1.1694214876033058
2025-11-21,1.695853286354425,1.7346789468761756,1.4491181265962827,1.1570247933884297
2025-11-24,1.6857589215559656,1.7243534769555924,1.4425516098134255,1.1501377410468319
2025-11-25,1.6704156021819756,1.708658880431577,1.4538748838954725,1.165289256198347
2025-11-26,1.6869336335851546,1.7255550833929372,1.456082937831886,1.1556473829201102
2025-11-27,1.6813662811417172,1.719860269371477,1.4510304486413594,1.159779614325069
2025-11-28,1.7024657634712248,1.7414428131454516,1.4643987618390955,1.1515151515151516
2025-12-01,1.7147896160210536,1.754048813755652,1.4749955978938316,1.159779614325069
2025-12-02,1.693495148203092,1.7322668204039995,1.4594307054120708,1.1584022038567494
2025-12-03,1.678372227654541,1.7167976686195037,1.4465456933921097,1.1487603305785123
2025-12-04,1.7012034889933407,1.7401516395636427,1.4620197423274672,1.1446280991735538
2025-12-05,1.701121389840308,1.7400676607940944,1.4612846443932697,1.1391184573002755
2025-12-08,1.7327988349184247,1.7724703441570886,1.4844346959999448,1.1391184573002755
2025-12-09,1.7280653056263597,1.7676284432253055,1.4807237225814458,1.137741046831956
2025-12-10,1.7275496203213705,1.7671009515790788,1.4782710472008351,1.121212121212121
2025-12-11,1.7007750340384493,1.7397133753600613,1.4565257165463257,1.1225895316804406
2025-12-12,1.7303435571230286,1.7699588540802778,1.4801079020772627,1.1198347107438016
2025-12-15,1.6918916491204141,1.7306266100612546,1.4493655693830088,1.1225895316804406
2025-12-16,1.6591494806513993,1.6971348270306779,1.422471057395873,1.115702479338843
2025-12-17,1.700138765602443,1.7390625398960602,1.452965821565739,1.1184573002754823
2025-12-18,1.7201077190073375,1.7594886718859843,1.4371803623483224,1.1391184573002755
2025-12-19,1.7062066416684794,1.7452693367626897,1.44060334270694,1.1349862258953167
2025-12-22,1.74095803865842,1.7808163485343127,1.4562390964466847,1.128099173553719
2025-12-23,1.7471773993676856,1.7871780982046421,1.4607339282865808,1.1294765840220384
2025-12-24,1.7629683162463394,1.8033305397405235,1.4720941793908264,1.1294765840220384
2025-12-25,1.7589681070989767,1.7992387479287753,1.4689652247921474,1.128099173553719
2025-12-26,1.754755370542546,1.7949295630057767,1.465246706644127,1.1239669421487604
2025-12-29,1.7553968643171558,1.7955857434397338,1.467269762413482,1.1349862258953167
2025-12-30,1.7730692354981712,1.813662714175209,1.4804459243586388,1.1349862258953167
2025-12-31,1.752634007999274,1.7927596329934838,1.4650233909526797,1.1336088154269972
2026-01-05,1.8298401307019918,1.8717333488803387,1.521962399960646,1.1294765840220384
2026-01-06,1.8635941771188518,1.9062601762670865,1.5480917886815757,1.1363636363636362
2026-01-07,1.8819601960398922,1.9250466754392797,1.5606274473001174,1.128099173553719
2026-01-08,1.8973260581004106,1.9407643307526614,1.5705459319951,1.1170798898071626
2026-01-09,1.8716178933827154,1.9144675912543543,1.5901748176173174,1.112947658402204
2026-01-12,1.8941548689149803,1.9239458641848028,1.6239272573692638,1.1184573002754823
2026-01-13,1.8412022370549435,1.9310540389119046,1.586904989914736,1.1225895316804406
2026-01-14,1.8265570015833255,1.9049907328684799,1.6114925485715057,1.1074380165289257
2026-01-15,1.8235052705567663,1.9018050710664722,1.6004653933891682,1.0950413223140496
2026-01-16,1.8480572677309222,1.9274113105901798,1.6163271157849222,1.0840220385674932
2026-01-19,1.8409338307338121,1.9199819991298457,1.6087545894861603,1.0798898071625345
2026-01-20,1.855022142047839,1.9346752508206393,1.5924660607663235,1.0881542699724518
2026-01-21,1.826844590299704,1.9052877784233266,1.6196269808158985,1.0716253443526171
2026-01-22,1.8198002024202595,1.8979409103840608,1.6260496191484872,1.0674931129476584
2026-01-23,1.8010151680750748,1.8783492622793516,1.6202289624169102,1.056473829201102
2026-01-26,1.8104076852476672,1.8881450863317062,1.6175483369548571,1.0619834710743803
2026-01-27,1.8392075245726511,1.9181815668171345,1.6293685695032427,1.0606060606060606
2026-01-28,1.8378134894196507,1.9167276729534704,1.6209699649262257,1.053719008264463
2026-01-29,1.7820645756849043,1.8585849472048273,1.575510180344501,1.0716253443526171
2026-01-30,1.7841472995327452,1.8607571014834081,1.576025949568249,1.0674931129476584
2026-02-02,1.7673258401545286,1.8432133426225066,1.5162958925563994,1.068870523415978
2026-02-03,1.757912644513913,1.8242118662320042,1.5353381604395722,1.0578512396694215
2026-02-04,1.7616923659080679,1.850339901145262,1.52327002635019,1.0730027548209367
2026-02-05,1.7910888932260416,1.8812184874249847,1.5071919668765645,1.090909090909091
2026-02-06,1.7865659418060844,1.8764679356896425,1.4942397398816212,1.0881542699724518
2026-02-09,1.781388799309492,1.871030273599482,1.5199925552945284,1.090909090909091
2026-02-10,1.790441725559158,1.8881371674799527,1.530953640691185,1.09366391184573
2026-02-11,1.7802339696306755,1.867114213126481,1.5170055628632966,1.0964187327823693
2026-02-12,1.8118918894559444,1.9003231458588294,1.5384483907619437,1.0798898071625345
2026-02-13,1.7988476949397894,1.886642312784671,1.5274960563797535,1.0730027548209367
2026-02-24,1.7927697008069288,1.8802676758767343,1.5225126642754614,1.0702479338842976
2026-02-25,1.8024592566709094,1.8904301405125754,1.5293268107724327,1.0661157024793388
2026-02-26,1.8178499906063734,1.9065720350982924,1.5406920923996013,1.0633608815426998
2026-02-27,1.8204901498935537,1.909341050083664,1.5446209006234743,1.0647382920110193
2026-03-02,1.7920442075459009,1.8795067741685203,1.5207123344514593,1.0702479338842976
2026-03-03,1.698620739757355,1.7815236776379537,1.4486645124173616,1.0798898071625345
2026-03-04,1.690237805820487,1.772731605960582,1.4407575068602645,1.0674931129476584
2026-03-05,1.7193492934194032,1.803263909749703,1.4670714237600941,1.078512396694215
2026-03-06,1.7134793433031654,1.7971074706612806,1.4759975590387968,1.0798898071625345
2026-03-09,1.7003699001003865,1.7833582075563585,1.4464818482347899,1.0716253443526171
2026-03-10,1.700411686295945,1.783402033170307,1.466993917759814,1.0730027548209367
2026-03-11,1.6771227981661259,1.7589765068252905,1.4600695191634219,1.0826446280991737
2026-03-12,1.6885205661421325,1.7709305546278509,1.4500921239824094,1.0922865013774106
2026-03-13,1.692779767269504,1.775397630460987,1.4438593746450117,1.0950413223140496
2026-03-16,1.6970383325120806,1.7798640393743155,1.4476154044891405,1.0977961432506889
2026-03-17,1.7119433115912819,1.7954964713367845,1.4525196003708152,1.1074380165289257
2026-03-18,1.7076847461400815,1.7910300622046504,1.4522419546015541,1.1046831955922867
2026-03-19,1.701296897963281,1.7843304485064493,1.4411564490773934,1.100550964187328
2026-03-20,1.6970383325120806,1.7798640393743155,1.4386601578273435,1.0977961432506889
2026-03-23,1.6416769816464756,1.7218007206565733,1.3912876048606593,1.0619834710743803
2026-03-24,1.6757455052560786,1.7575319937136453,1.4202867470840583,1.0840220385674932
2026-03-25,1.6906504843352799,1.7731644256761143,1.4338020545531291,1.09366391184573
2026-03-26,1.6949090497864803,1.7776308348082484,1.4274651611541995,1.0964187327823693
2026-03-27,1.6863919188840797,1.7686980165439803,1.4313156974442145,1.090909090909091
2026-03-30,1.6927797670608802,1.7753976302421814,1.428593948975437,1.0950413223140496
2026-03-31,1.7076847461400815,1.7910300622046504,1.439823412889255,1.1046831955922867
2026-04-01,1.7076847461400815,1.7910300622046504,1.4412229683383087,1.1046831955922867
2026-04-02,1.7140725943168822,1.7977296759028514,1.4385069821508636,1.1088154269972452
2026-04-03,1.6946315859728727,1.7773398290869238,1.4252335241275955,1.0977961432506889
2026-04-07,1.7186463648012034,1.8025266739749837,1.4262199245647955,1.0853994490358128
2026-04-08,1.8247775836530278,1.913837736471554,1.4821237794250064,1.09366391184573
2026-04-09,1.812983275861653,1.9014677953187775,1.4744837965775615,1.0853994490358128
2026-04-10,1.8407038787216503,1.9305413308041253,1.4927791459015873,1.0840220385674932
2026-04-13,1.8552622876984906,1.9458102779527886,1.5036850120078329,1.0867768595041323
2026-04-14,1.8954422553944859,1.9879512704308206,1.5336563468090783,1.09366391184573
2026-04-15,1.89712850550763,1.9897198197206492,1.5365731012920651,1.1046831955922867
2026-04-16,1.9185857009473652,2.0122242557238583,1.55180744015298,1.103305785123967
2026-04-17,1.9201006280490138,2.0138131204058403,1.551836589572737,1.0964187327823693
2026-04-20,1.9567529605083118,2.052254307769551,1.5801324036671422,1.1088154269972452
2026-04-21,1.924587402350067,2.0185188763562154,1.5575949428951619,1.112947658402204
2026-04-22,1.9575866425642503,2.0531286785384424,1.5848445380745484,1.1046831955922867
2026-04-23,1.932566737885465,2.026887651595684,1.566307992724692,1.1074380165289257
2026-04-24,1.961021196794702,2.056730859731965,1.5877494124511937,1.1060606060606062
2026-04-27,2.0348115017458843,2.134122576654858,1.645113317089801,1.1019283746556474
2026-04-28,2.030506108591527,2.129607054345197,1.6243974534006547,1.1060606060606062
2026-04-29,2.0229234234045204,2.121654288383646,1.6281434026203545,1.1019283746556474
2026-04-30,2.0102801530140795,2.1083939501361764,1.6927124872575539,1.0950413223140496
2026-05-06,1.992579573052652,2.0898294751058577,1.7478117400222328,1.0853994490358128
2026-05-07,2.006853473327706,2.1048000278119807,1.754568965607774,1.0798898071625345
2026-05-08,1.9609343892356859,2.0566398154404606,1.7291698464293288,1.081267217630854
2026-05-11,2.0520575895346,2.15221037755302,1.8040560896817963,1.081267217630854
2026-05-12,2.0605362525443134,2.161102850459406,1.8092734507035373,1.0771349862258954
2026-05-13,2.115956561739202,2.2192280050285267,1.852870785470602,1.0743801652892562
2026-05-14,2.0621009740838194,2.162743939848164,1.8112652415684911,1.0798898071625345
2026-05-15,2.0276364580967816,2.126597347597082,1.7828235230964484,1.0730027548209367
2026-05-18,2.044015231614206,2.143775504056028,1.7939718061893646,1.0619834710743803
2026-05-19,2.037483693858034,2.2254814457245726,1.8565444562979443,1.0674931129476584
2026-05-20,2.0190801182433424,2.1896309319447105,1.9045167287146212,1.0578512396694215
2026-05-21,2.026967149700262,2.1981836216177824,1.8715735196828678,1.0619834710743803
2026-05-22,2.0197193711496713,2.1903236300793836,1.8868768320162088,1.059228650137741
2026-05-25,2.0187140866421958,2.189233429904483,1.9946175436523796,1.056473829201102
2026-05-26,2.029241421206259,2.200650000932513,1.969871610373543,1.0619834710743803
2026-05-27,1.9598759261021839,2.1254252517872256,1.9327240538325774,1.056473829201102
2026-05-28,1.9909702608456015,2.159146102873254,1.956392092288122,1.0482093663911847
2026-05-29,1.8906514287572913,2.0503534103815664,1.8704922699324957,1.068870523415978
2026-06-01,1.7960510072311544,1.9477621585255118,1.788751997056061,1.081267217630854
2026-06-02,1.8250522023135831,1.9792130639319532,1.8157318955580075,1.0881542699724518
2026-06-03,1.8635092292798336,2.020918528616798,1.8524568231033625,1.078512396694215
2026-06-04,1.876332196640952,2.0348246429116794,1.8625062119557878,1.0661157024793388
2026-06-05,1.80105474975673,1.953188563623742,1.795298856816022,1.0798898071625345
2026-06-08,1.7191219339881538,1.8643349411748473,1.7270371458535816,1.0867768595041323
2026-06-09,1.7256624638116553,1.8714279449011517,1.7868031724516769,1.090909090909091
2026-06-10,1.7561665980516608,1.9045087416669748,1.7922229302182058,1.1101928374655647
2026-06-11,1.7474511310648726,1.8950570853819373,1.7861422649691607,1.1046831955922867
2026-06-12,1.6717483895991576,1.9234120542370494,1.8010597489803943,1.121212121212121
2026-06-15,1.7572760523278397,1.9856245047461112,1.8352172603763122,1.1046831955922867
2026-06-16,1.7674257450765405,1.9970907542202252,1.8416763909527625,1.090909090909091
2026-06-17,1.8502445527698053,2.0906713134519,1.9279778903871445,1.081267217630854
2026-06-18,1.8000045058621035,2.033902912378,2.002014347991009,1.0550964187327825
2026-06-22,1.8158021830865219,2.0517533908689765,2.0388116348971757,1.0619834710743803
2026-06-23,1.7853294542590494,2.0173209371120806,2.0082169494887046,1.0716253443526171
2026-06-24,1.724286388031988,1.9483457374526558,2.0849459010201254,1.0482093663911847
2026-06-25,1.7061640337916542,1.9278685058965561,2.1441853972340597,1.037190082644628
2026-06-26,1.702659604746683,1.9239087000085286,2.113017673600466,1.0275482093663912
2026-06-29,1.78118095315299,2.012633366356486,2.206951935401532,1.0330578512396695
2026-06-30,1.84975857679936,2.090122188192247,2.291918667483921,1.0110192837465566
2026-07-01,1.8586647480072322,2.1001856560884855,2.241592614799834,1.0151515151515151
2026-07-02,1.886405538082563,2.1315311741369856,2.1083238707782055,1.0303030303030303
2026-07-03,1.8838836077894578,2.1286815360659386,2.100706751615241,1.0289256198347108
2026-07-06,1.9166687308125718,2.165726863998296,2.1454597669412854,1.0468319559228652
2026-07-07,1.9141467982723324,2.1628772233881146,2.1486650015373385,1.0454545454545454
2026-07-08,1.9418880562149672,2.1942232701001094,2.1782917271993174,1.0606060606060606
2026-07-09,1.9191906633528113,2.1685765046084775,2.179791666279447,1.0482093663911847
2026-07-10,1.9343222585942486,2.1856743482695653,2.1971927239466478,1.056473829201102
2026-07-13,1.964585449077123,2.2198700355917413,2.2315689961544796,1.0730027548209367
2026-07-14,1.969629314157602,2.2255693168121042,2.237298313260271,1.075757575757576
2026-07-15,1.992326707019758,2.251216082303736,2.2630802400452894,1.0881542699724518
2026-07-16,1.9721512466978417,2.2284189574222855,2.24016297179194,1.0771349862258954
2026-07-17,1.9898047744795184,2.248366441693555,2.2602155815136205,1.0867768595041323
2026-07-20,2.03772149274407,2.302509613287,2.314644093615325,1.112947658402204
2026-07-21,1.992326707019758,2.251216082303736,2.2750174405671113,1.0881542699724518
2026-07-22,2.0150240998819138,2.276862847795368,2.2915635106287366,1.100550964187328
2026-07-23,2.025111830042872,2.2882614102360934,2.304130326590118,1.1060606060606062
2026-07-24,2.0276337625831116,2.2911110508462746,2.3068893807113127,1.1074380165289257
2026-07-27,2.030155695123351,2.2939606914564563,2.309341490502729,1.1088154269972452
2026-07-28,2.062940818146465,2.331006019388813,2.343105154517496,1.1267217630853994
2026-07-29,2.0654627506867045,2.333855659998995,2.344924436302288,1.128099173553719
2026-07-30,2.1184233340317347,2.3936981128128028,2.3977835870298674,1.1570247933884297
2026-07-31,1.9778503450801486,2.2348586150786702,2.3839084012992853,1.1515151515151516
2026-08-03,1.9652086754051115,2.2205742459642366,2.3398666654199127,1.1446280991735538
2026-08-04,1.9179130695199922,2.1671328961014185,2.3405892700867064,1.1170798898071626
2026-08-05,2.001523814101258,2.2616082912218785,2.377499221872772,1.103305785123967
2026-08-06,2.010557826220625,2.271816212091075,2.401638487589193,1.1088154269972452
2026-08-07,2.0610577748035825,2.328878287304394,2.44945660817037,1.0991735537190084
2026-08-10,2.0536716315561088,2.3205323647173373,2.443037824054851,1.1060606060606062
2026-08-11,2.0202614466362148,2.2827807523239483,2.4067063019135504,1.1019283746556474
2026-08-12,2.0527462955300653,2.319486787535631,2.441911606335446,1.1019283746556474
2026-08-13,2.0300052468082828,2.2937906934007937,2.419852382880899,1.1060606060606062
2026-08-14,2.0299237037868303,2.2936985544154327,2.41726220423814,1.0977961432506889
2026-08-17,2.1140323759573856,2.388736579446379,2.5158730776594007,1.0964187327823693
2026-08-18,2.1164243045866478,2.3914393230169715,2.519294936732849,1.1046831955922867
2026-08-19,1.9706419271911446,2.2267135120579087,2.352434715703924,1.1225895316804406
2026-08-20,1.9534540764085426,2.207292216360924,2.335455772665774,1.1267217630853994
2026-08-21,1.9541430558506672,2.2080707240198447,2.3356576771192348,1.1225895316804406
2026-08-24,1.9789145000852697,2.2360610498265214,2.2788775073700096,1.1391184573002755
2026-08-25,1.9645543871206896,2.2198349373442374,2.2579642934066397,1.1308539944903582
2026-08-26,1.9922647433432725,2.251146066866743,2.28834146417179,1.1418732782369145
2026-08-27,1.9913286907117083,2.250088380529138,2.339052583533309,1.128099173553719
2026-08-28,1.9579065647943206,2.212323275486425,2.311028352118889,1.1253443526170799
2026-08-31,1.935815062795719,2.187361132276544,2.354214459441097,1.1418732782369145
2026-09-01,1.975515154492893,2.2322199822747466,2.3779260185826576,1.165289256198347
2026-09-02,1.9708449056634292,2.226942866209291,2.3634074181987925,1.162534435261708
2026-09-03,1.9615044084813207,2.2163886346171595,2.353900800117487,1.1570247933884297
2026-09-04,1.9801854028455377,2.237497097801423,2.369937040351337,1.1680440771349863
