center,scale,rho,cw,sw,avg_pos,obj,累计收益,年化收益,年化波动,最大回撤,Calmar,平均仓位,换手率,操作日占比,基准累计,基准年化,基准最大回撤
0.3,55.0,0.2,0.1,0.1,0.18511388290528627,-1.1148563361964519,0.11183711287481635,0.016115713045358637,0.058116259063391996,-0.1649063823171133,0.09772643616890633,0.18511388290528627,52.425942904162696,0.9975293390982087,0.546852429532334,0.06799580633944835,-0.6265673853758704
0.3,55.0,0.2,0.15,0.1,0.18841046366295774,-1.1259240161782291,0.11598366246951963,0.016686289036649482,0.05923031820361978,-0.16676828887168782,0.1000567263089686,0.18841046366295774,52.96130803895174,0.9956763434218654,0.546852429532334,0.06799580633944835,-0.6265673853758704
0.3,55.0,0.2,0.2,0.1,0.1917181757959543,-1.137064351039089,0.12013228527052089,0.017255351467386104,0.06035304782514169,-0.16863350920428777,0.1023245708922682,0.1917181757959543,53.50014739521656,0.9975293390982087,0.546852429532334,0.06799580633944835,-0.6265673853758704
0.3,45.0,0.2,0.1,0.1,0.18900388986527464,-1.1446022248755807,0.13667634564938203,0.01950703136008136,0.06073848445782588,-0.1630347243888599,0.11964954970914324,0.18900388986527464,54.12959470206161,0.9981470043236566,0.546852429532334,0.06799580633944835,-0.6265673853758704
0.3,55.0,0.2,0.1,0.2,0.19574880520984633,-1.1488944094466444,0.12210351822029897,0.017525116494064852,0.06146259449442907,-0.17313905206293323,0.10121989398263978,0.19574880520984633,53.99249999546214,0.9975293390982087,0.546852429532334,0.06799580633944835,-0.6265673853758704
0.3,45.0,0.2,0.15,0.1,0.19238421427783742,-1.1566610415564853,0.14110746422517062,0.020105388341200126,0.06192647495089751,-0.16488566782384895,0.12193533013845183,0.19238421427783742,54.71617979928804,0.9962940086473132,0.546852429532334,0.06799580633944835,-0.6265673853758704
0.3,55.0,0.2,0.15,0.2,0.19924069694334687,-1.160142332776514,0.12653775724660732,0.018130478394157157,0.06264699337006396,-0.17507378999287615,0.10355906726469391,0.19924069694334687,54.536795808711645,0.9962940086473132,0.546852429532334,0.06799580633944835,-0.6265673853758704
0.3,45.0,0.2,0.2,0.1,0.19578305077098151,-1.168713470809293,0.14559223251925957,0.020708984174763856,0.0631236105104385,-0.16670823560365688,0.12422292215963916,0.19578305077098151,55.30341685911142,0.9975293390982087,0.546852429532334,0.06799580633944835,-0.6265673853758704
0.3,55.0,0.2,0.2,0.2,0.20274555814221698,-1.1714365485534866,0.13125148984228363,0.018771781963893508,0.06384282200412017,-0.17696472630888027,0.10607640491658546,0.20274555814221698,55.086298368147006,0.9975293390982087,0.546852429532334,0.06799580633944835,-0.6265673853758704
0.35,55.0,0.2,0.1,0.1,0.21945833229733433,-1.180841214027089,0.12350410716408233,0.01771654392341726,0.06702141648577267,-0.19516453263403377,0.09077747726139744,0.21945833229733433,55.048774581674465,0.9950586781964176,0.546852429532334,0.06799580633944835,-0.6265673853758704
0.3,45.0,0.2,0.1,0.2,0.1997790530382208,-1.181121986344196,0.14804042426783504,0.021037635117033604,0.06423916455697674,-0.17098017287979506,0.12304137235738898,0.1997790530382208,55.833476751066605,0.9956763434218654,0.546852429532334,0.06799580633944835,-0.6265673853758704
0.3,55.0,0.2,0.1,0.3,0.2065309521052497,-1.1813241832865966,0.13409810584965598,0.01915796606948983,0.06486951931016746,-0.18119711460329424,0.10572997319208707,0.2065309521052497,55.49417960272196,0.9969116738727609,0.546852429532334,0.06799580633944835,-0.6265673853758704
0.3,35.0,0.2,0.1,0.1,0.19609584054701587,-1.18990821767289,0.1729351875999845,0.024346201329461747,0.06497166280270351,-0.16135538676319938,0.150885581311218,0.19609584054701587,56.67883628103759,0.9975293390982087,0.546852429532334,0.06799580633944835,-0.6265673853758704
0.35,55.0,0.2,0.15,0.1,0.22336486424202734,-1.1909577648881389,0.12809970185329833,0.018343233060791775,0.06828934983760382,-0.19740446709712656,0.09292207684320829,0.22336486424202734,55.529938220018366,0.9956763434218654,0.546852429532334,0.06799580633944835,-0.6265673853758704
0.3,55.0,0.2,0.15,0.3,0.21021803688350654,-1.19280454520904,0.13909005333414193,0.019833211977095422,0.06612259136243728,-0.18316424363442496,0.10828102463426356,0.21021803688350654,56.05278176844613,1.0,0.546852429532334,0.06799580633944835,-0.6265673853758704
0.3,45.0,0.2,0.15,0.2,0.20336564850682054,-1.1933498838184304,0.15297378659073968,0.02169809715003712,0.06550299129088616,-0.17280947308759442,0.12556080845775563,0.20336564850682054,56.43216222123351,0.9975293390982087,0.546852429532334,0.06799580633944835,-0.6265673853758704
0.35,55.0,0.2,0.2,0.1,0.2273029389089914,-1.2010942261737791,0.13288161432051848,0.018993032461330328,0.06957786216309332,-0.19959585644514088,0.09515744865450441,0.2273029389089914,56.01446652062695,0.9956763434218654,0.546852429532334,0.06799580633944835,-0.6265673853758704
0.3,35.0,0.2,0.15,0.1,0.1996649624289907,-1.20295745823151,0.17799918129625403,0.02501190732944525,0.06627607191424842,-0.16319198105793042,0.15326676695325145,0.1996649624289907,57.3186687515995,0.9981470043236566,0.546852429532334,0.06799580633944835,-0.6265673853758704
0.3,55.0,0.2,0.2,0.3,0.2139083456857793,-1.2045056183891676,0.1440831695181477,0.020506106810614266,0.06738383075769194,-0.18513094481296566,0.11076541974833652,0.2139083456857793,56.622312639664955,0.9981470043236566,0.546852429532334,0.06799580633944835,-0.6265673853758704
0.3,45.0,0.2,0.2,0.2,0.2069593366314742,-1.2057127081068797,0.1578845720846327,0.02235315758175016,0.06677580853232572,-0.17467863323854127,0.12796732586763873,0.2069593366314742,57.036327453467955,0.9975293390982087,0.546852429532334,0.06799580633944835,-0.6265673853758704
0.35,55.0,0.2,0.1,0.2,0.2323524386637641,-1.2113119966966852,0.13655010391456512,0.01948995528141273,0.07096441500070506,-0.2048396076527279,0.09514739607612784,0.2323524386637641,56.4191074075867,0.9956763434218654,0.546852429532334,0.06799580633944835,-0.6265673853758704
0.35,45.0,0.2,0.1,0.1,0.22167274081001592,-1.2138734644555793,0.14647936930881889,0.020828144319571695,0.06913037770487179,-0.19217932574883345,0.10837869390171968,0.22167274081001592,56.930597295036705,0.9962940086473132,0.546852429532334,0.06799580633944835,-0.6265673853758704
0.3,35.0,0.2,0.2,0.1,0.20326586433700897,-1.2160237159100236,0.1829358907991192,0.025658545489446904,0.06760826400006059,-0.16503042611816654,0.1554776661067011,0.20326586433700897,57.95835241701935,0.9981470043236566,0.546852429532334,0.06799580633944835,-0.6265673853758704
0.3,45.0,0.2,0.1,0.3,0.2106832123225643,-1.2166611503848568,0.1614893985655126,0.02283251337218406,0.06779613699375515,-0.1788210854064587,0.12768356326820166,0.2106832123225643,57.50415605269057,0.9981470043236566,0.546852429532334,0.06799580633944835,-0.6265673853758704
0.4,55.0,0.2,0.1,0.1,0.25700807751620197,-1.2195416420180827,0.13575856326928504,0.019382850870896196,0.07686715556467237,-0.22587165099501894,0.08581356175292507,0.25700807751620197,56.299433369573464,0.9969116738727609,0.546852429532334,0.06799580633944835,-0.6265673853758704
0.35,55.0,0.2,0.15,0.2,0.2365149752689971,-1.2213403390046143,0.14145859530072147,0.02015271897675519,0.07232907466743509,-0.20703902180364941,0.09733778106751065,0.2365149752689971,56.898677353977234,0.9962940086473132,0.546852429532334,0.06799580633944835,-0.6265673853758704
0.35,45.0,0.2,0.15,0.1,0.22565976559834613,-1.2249322689736175,0.15140058906314624,0.02148774378529339,0.07047517284423134,-0.19438876324360588,0.1105400509100682,0.22565976559834613,57.4612815568554,0.9981470043236566,0.546852429532334,0.06799580633944835,-0.6265673853758704
0.4,55.0,0.2,0.15,0.1,0.26160490382255264,-1.2282448059421078,0.1409261383488456,0.020080941717181666,0.07832695468092465,-0.22817647870028024,0.08800618640258209,0.26160490382255264,56.71187541545747,0.9987646695491044,0.546852429532334,0.06799580633944835,-0.6265673853758704
0.3,45.0,0.2,0.15,0.3,0.21447598673360338,-1.229357902194765,0.16695575836016818,0.023557003699258505,0.06914484706508076,-0.1808069738623178,0.13028813654719348,0.21447598673360338,58.12557094814323,0.9975293390982087,0.546852429532334,0.06799580633944835,-0.6265673853758704
0.3,35.0,0.2,0.1,0.2,0.20724810960804438,-1.2297535605562224,0.1861014606985798,0.02607198490894813,0.068741229178391,-0.16922862404453398,0.15406368193413345,0.20724810960804438,58.56056167214518,0.9975293390982087,0.546852429532334,0.06799580633944835,-0.6265673853758704
0.35,55.0,0.2,0.2,0.2,0.2406978727961945,-1.2314171345124967,0.14645839241644154,0.020825327608998245,0.07370614273836452,-0.20916252248482547,0.0995652919155682,0.2406978727961945,57.3830600439541,0.9975293390982087,0.546852429532334,0.06799580633944835,-0.6265673853758704
0.35,45.0,0.2,0.2,0.1,0.22966255878587324,-1.2361429705837201,0.1563530773408104,0.022149121710873132,0.07182968546518773,-0.19660598993626954,0.11265741047896272,0.22966255878587324,57.99945486632292,0.9969116738727609,0.546852429532334,0.06799580633944835,-0.6265673853758704
0.4,55.0,0.2,0.2,0.1,0.2662017827141045,-1.2372598177359462,0.14609912242538248,0.020777079179129077,0.07979531888980057,-0.2304787331190844,0.09014748952300912,0.2662017827141045,57.13987651777665,0.9987646695491044,0.546852429532334,0.06799580633944835,-0.6265673853758704
0.35,55.0,0.2,0.1,0.3,0.2454873904218238,-1.2394617279597768,0.14980350785609997,0.021273947112274705,0.07499952869561358,-0.2138944616839339,0.0994600184819682,0.2454873904218238,57.68942221150422,0.9969116738727609,0.546852429532334,0.06799580633944835,-0.6265673853758704
0.3,45.0,0.2,0.2,0.3,0.21829026371299856,-1.241998095492068,0.17240031953167412,0.024275745841008556,0.07050599241432862,-0.1827908510200783,0.13280613173764388,0.21829026371299856,58.743920791151865,0.9987646695491044,0.546852429532334,0.06799580633944835,-0.6265673853758704
0.3,35.0,0.2,0.15,0.2,0.21102622919777125,-1.2433771908293334,0.19151703585156787,0.02677711863426313,0.07014279589066892,-0.17115930491629716,0.15644559112551942,0.21102622919777125,59.228732850272394,0.9962940086473132,0.546852429532334,0.06799580633944835,-0.6265673853758704
0.4,55.0,0.2,0.1,0.2,0.27237467681065464,-1.2446629247322933,0.14829038550456808,0.021071156999410867,0.08148924566233483,-0.23674293047389872,0.0890043768455168,0.27237467681065464,57.36813082473774,0.9950586781964176,0.546852429532334,0.06799580633944835,-0.6265673853758704
0.35,45.0,0.2,0.1,0.2,0.23466512152832458,-1.2470770407619325,0.1607249210227013,0.022730961784354076,0.07320717849114984,-0.2018095797354611,0.11263569258778794,0.23466512152832458,58.445160633927806,0.9981470043236566,0.546852429532334,0.06799580633944835,-0.6265673853758704
0.35,55.0,0.2,0.15,0.3,0.24988712356003082,-1.2496781943552802,0.15520709983401582,0.02199629684576898,0.07644817584489787,-0.21612773654371453,0.10177452092697947,0.24988712356003082,58.180531146459586,0.9962940086473132,0.546852429532334,0.06799580633944835,-0.6265673853758704
0.4,55.0,0.2,0.15,0.2,0.277217535877874,-1.2537731314148968,0.15327716141441616,0.021738633578522126,0.08303524077361091,-0.23931894428289846,0.09083540646420757,0.277217535877874,57.79261464259848,0.9981470043236566,0.546852429532334,0.06799580633944835,-0.6265673853758704
0.4,45.0,0.2,0.1,0.1,0.25825527021361827,-1.2545232914834774,0.15880468080605414,0.0224756303813185,0.0785262908351801,-0.22263728156160256,0.10095178230560461,0.25825527021361827,58.28401405419973,0.9962940086473132,0.546852429532334,0.06799580633944835,-0.6265673853758704
0.3,35.0,0.2,0.2,0.2,0.21480451845098875,-1.2571586877723258,0.1969401161933675,0.027480507566038703,0.07155290877182416,-0.1730881639754519,0.15876595449898068,0.21480451845098875,59.90475566753193,0.9987646695491044,0.546852429532334,0.06799580633944835,-0.6265673853758704
0.35,45.0,0.2,0.15,0.2,0.2388707050449195,-1.2585911956686904,0.16623774290005255,0.02346200531136744,0.0746352294701334,-0.20406625551108915,0.11497248897230093,0.2388707050449195,59.00100366122565,0.9956763434218654,0.546852429532334,0.06799580633944835,-0.6265673853758704
0.35,55.0,0.2,0.2,0.3,0.2542930392670407,-1.2601877638403356,0.16068904377178983,0.022726194530685584,0.07790553769385071,-0.21836141480533588,0.10407605460399429,0.2542930392670407,58.68666254841766,0.9981470043236566,0.546852429532334,0.06799580633944835,-0.6265673853758704
0.35,35.0,0.2,0.1,0.1,0.225894346434982,-1.260294347876108,0.18211366248651806,0.025551004621184648,0.07259938404751946,-0.18826667463567537,0.1357170867899469,0.225894346434982,59.585600758972745,0.9981470043236566,0.546852429532334,0.06799580633944835,-0.6265673853758704
0.4,55.0,0.2,0.2,0.2,0.28206030798681786,-1.2632229980066927,0.15825191826055351,0.02240206379225107,0.08458953016362779,-0.24189828181682027,0.09260943742136722,0.28206030798681786,58.23379604452667,0.9975293390982087,0.546852429532334,0.06799580633944835,-0.6265673853758704
0.4,45.0,0.2,0.15,0.1,0.26287435625930483,-1.2643390573884115,0.16441514251947487,0.023220639495337814,0.08003486927470757,-0.22496565066889662,0.10321859993423547,0.26287435625930483,58.75384357746505,0.9969116738727609,0.546852429532334,0.06799580633944835,-0.6265673853758704
0.3,35.0,0.2,0.1,0.3,0.21847422959672552,-1.269390778434299,0.20076392939356436,0.027974841937090433,0.07256915772706689,-0.17714005877837813,0.1579249895817753,0.21847422959672552,60.43977954911002,0.9987646695491044,0.546852429532334,0.06799580633944835,-0.6265673853758704
0.4,55.0,0.2,0.1,0.3,0.2878096232611837,-1.2699158299065274,0.16008797513952944,0.0226463078492527,0.08615737140613464,-0.24790275742832935,0.0913515770626308,0.2878096232611837,58.43053795208077,0.9975293390982087,0.546852429532334,0.06799580633944835,-0.6265673853758704
0.35,45.0,0.2,0.2,0.2,0.24307511677002436,-1.2702906259299307,0.17180521530431858,0.02419732365838323,0.0760718153733128,-0.20628595101549674,0.11729991082410389,0.24307511677002436,59.56724870402827,0.9969116738727609,0.546852429532334,0.06799580633944835,-0.6265673853758704
0.35,35.0,0.2,0.15,0.1,0.22995584014048312,-1.2730424076801883,0.18782873041234094,0.02629718008307269,0.07403994344352598,-0.19045785536885795,0.13807348629513436,0.22995584014048312,60.205533003941596,0.9956763434218654,0.546852429532334,0.06799580633944835,-0.6265673853758704
0.4,45.0,0.2,0.2,0.1,0.2675108456614782,-1.2743875770829423,0.16981188940182035,0.02393439875425485,0.08155472855601142,-0.22728694409459527,0.10530476728260078,0.2675108456614782,59.23392518949497,0.9987646695491044,0.546852429532334,0.06799580633944835,-0.6265673853758704
0.4,55.0,0.2,0.15,0.3,0.2928739019242679,-1.279568081078685,0.16530251853762667,0.023338194184963523,0.08778370550827502,-0.250575894226976,0.09313822567394843,0.2928739019242679,58.88091640750802,0.9962940086473132,0.546852429532334,0.06799580633944835,-0.6265673853758704
0.35,45.0,0.2,0.1,0.3,0.2477521620011277,-1.2796932817810782,0.1755685151991504,0.024692679061344425,0.07733812671156406,-0.21105796346907912,0.11699477553692024,0.2477521620011277,59.942848955394155,0.9987646695491044,0.546852429532334,0.06799580633944835,-0.6265673853758704
0.4,45.0,0.2,0.1,0.2,0.2736171369521949,-1.2828724144768004,0.17272773721328982,0.02431887816978806,0.08323238969590116,-0.23329713708667077,0.10423993398921781,0.2736171369521949,59.527136205162655,0.9962940086473132,0.546852429532334,0.06799580633944835,-0.6265673853758704
0.3,35.0,0.2,0.15,0.3,0.2224510489636698,-1.28350159410378,0.20697488915783602,0.028774939691411205,0.07404728592989049,-0.17918624358225677,0.16058676780174733,0.2224510489636698,61.13417060020314,0.9987646695491044,0.546852429532334,0.06799580633944835,-0.6265673853758704
0.35,35.0,0.2,0.2,0.1,0.23402709381648001,-1.2858119358501972,0.19354680310539196,0.02704070294932337,0.07548964456072406,-0.19265241599512917,0.14036005107772456,0.23402709381648001,60.826321540097794,0.9975293390982087,0.546852429532334,0.06799580633944835,-0.6265673853758704
0.4,55.0,0.2,0.2,0.3,0.29794346664602145,-1.289359204564061,0.17134479715996376,0.024136627051375203,0.08942096827129799,-0.253238354293871,0.09531189348737358,0.29794346664602145,59.34383272342504,0.9975293390982087,0.546852429532334,0.06799580633944835,-0.6265673853758704
0.35,45.0,0.2,0.15,0.3,0.2521755415789175,-1.2915854564523794,0.18110140630461102,0.025418522359609286,0.0788474924072953,-0.2134065439109929,0.11910844856852555,0.2521755415789175,60.5150353428246,0.9962940086473132,0.546852429532334,0.06799580633944835,-0.6265673853758704
0.4,45.0,0.2,0.15,0.2,0.27848663866608736,-1.2931773226634569,0.17828865990857867,0.02504988833017152,0.08482817103713475,-0.23570564914032288,0.10627614748112611,0.27848663866608736,60.018719321173336,0.9987646695491044,0.546852429532334,0.06799580633944835,-0.6265673853758704
0.3,35.0,0.2,0.2,0.3,0.22643290502978525,-1.297773353759734,0.21327829965158185,0.029583380145311367,0.07553360461778753,-0.18123679433642625,0.16323054186445346,0.22643290502978525,61.83691683684162,0.9969116738727609,0.546852429532334,0.06799580633944835,-0.6265673853758704
0.35,35.0,0.2,0.1,0.2,0.23891391007968027,-1.2987602441592623,0.1988930065277923,0.027733140327613315,0.07685453714933152,-0.19755185039722978,0.14038410813084548,0.23891391007968027,61.38587296441304,0.9993823347745522,0.546852429532334,0.06799580633944835,-0.6265673853758704
0.35,45.0,0.2,0.2,0.3,0.25661105246559346,-1.3036381298904283,0.1866111472068157,0.026138464939440054,0.0803673416514376,-0.21570657091279433,0.1211760255092428,0.25661105246559346,61.096165468673554,0.9975293390982087,0.546852429532334,0.06799580633944835,-0.6265673853758704
0.4,45.0,0.2,0.2,0.2,0.28335554289402115,-1.303774029894815,0.1838494718246424,0.02577796013832412,0.08643193033748045,-0.23811656523325297,0.10825773550476289,0.28335554289402115,60.52468537082564,0.9962940086473132,0.546852429532334,0.06799580633944835,-0.6265673853758704
0.4,35.0,0.2,0.1,0.1,0.2604149954209548,-1.30526912037035,0.19242071128500027,0.026894516418447312,0.08122900941869998,-0.21823694653836923,0.12323539549577993,0.2604149954209548,61.15225817598063,0.9975293390982087,0.546852429532334,0.06799580633944835,-0.6265673853758704
0.4,45.0,0.2,0.1,0.3,0.2890454360736609,-1.3111760986980932,0.18615583988786066,0.026079078915299148,0.08797706395140757,-0.24391307170041798,0.10691956250434305,0.2890454360736609,60.764932088159156,0.9981470043236566,0.546852429532334,0.06799580633944835,-0.6265673853758704
0.35,35.0,0.2,0.15,0.2,0.2431952955131352,-1.311913412680357,0.2050041612461655,0.028521449357446826,0.07837969136290009,-0.19985758121922026,0.1427088689028121,0.2431952955131352,62.02530357140968,0.9987646695491044,0.546852429532334,0.06799580633944835,-0.6265673853758704
0.4,35.0,0.2,0.15,0.1,0.2650372422044684,-1.317221135658758,0.19830997510213288,0.02765775394567127,0.08280985609137594,-0.22058637045713791,0.12538287786482005,0.2650372422044684,61.72928521879302,0.9993823347745522,0.546852429532334,0.06799580633944835,-0.6265673853758704
0.4,45.0,0.2,0.15,0.3,0.2941423254140246,-1.322131759013386,0.19194324966605025,0.026832498105541447,0.08965532460180953,-0.24648871727586552,0.10885893034816284,0.2941423254140246,61.28599492404974,0.9956763434218654,0.546852429532334,0.06799580633944835,-0.6265673853758704
0.35,35.0,0.2,0.2,0.2,0.2474765411135522,-1.3252313319005324,0.21114159257837062,0.029309738388505924,0.0799134357265433,-0.20215715330856132,0.14498491845979442,0.2474765411135522,62.67312468173789,0.9969116738727609,0.546852429532334,0.06799580633944835,-0.6265673853758704
0.4,35.0,0.2,0.2,0.1,0.2696638375610624,-1.3292785673140997,0.20426224106560964,0.028425926597205775,0.08439932547506433,-0.22289806405285817,0.12752881779388103,0.2696638375610624,62.312773094243816,0.9981470043236566,0.546852429532334,0.06799580633944835,-0.6265673853758704
0.4,45.0,0.2,0.2,0.3,0.29923839422582793,-1.3332166000784091,0.19771819935451984,0.027581205058114122,0.09134134116957031,-0.24905661138033997,0.11074271389645723,0.29923839422582793,61.813474972317664,0.9981470043236566,0.546852429532334,0.06799580633944835,-0.6265673853758704
0.35,35.0,0.2,0.1,0.3,0.2520446383749604,-1.3363011854451265,0.21610666756288,0.029944972165312,0.0811630995622957,-0.2065886362393765,0.14494975479006714,0.2520446383749604,63.14759197453752,0.9981470043236566,0.546852429532334,0.06799580633944835,-0.6265673853758704
0.4,35.0,0.2,0.1,0.2,0.27558377172940607,-1.3401505711309953,0.20884919499110133,0.029015701574913733,0.08604579338583306,-0.22836397007561038,0.1270590170827156,0.27558377172940607,62.74921438340519,0.9969116738727609,0.546852429532334,0.06799580633944835,-0.6265673853758704
0.3,55.0,0.3,0.1,0.1,0.20598433210944667,-1.3425251349020146,0.11842652319433666,0.017021590813023346,0.06619637733754825,-0.17547151613443757,0.09700486545053984,0.20598433210944667,63.59054838239096,0.9987646695491044,0.546852429532334,0.06799580633944835,-0.6265673853758704
0.35,35.0,0.2,0.15,0.3,0.25655513493935467,-1.3497465681080607,0.2225600595228252,0.030767338372927666,0.0827735703981902,-0.20886694242317871,0.14730592604066053,0.25655513493935467,63.804021763469954,0.9969116738727609,0.546852429532334,0.06799580633944835,-0.6265673853758704
0.4,35.0,0.2,0.15,0.2,0.2804691509551778,-1.3522921724836592,0.21503315053967054,0.029807812810176415,0.08771683107218696,-0.23082809320598974,0.12913425049859978,0.2804691509551778,63.33429693454203,0.9981470043236566,0.546852429532334,0.06799580633944835,-0.6265673853758704
0.3,55.0,0.3,0.15,0.1,0.209505724668531,-1.3562138413092724,0.12241087281068386,0.017567141978024114,0.06745193922023608,-0.17722617365444981,0.09912272897273058,0.209505724668531,64.25839482300358,0.9993823347745522,0.546852429532334,0.06799580633944835,-0.6265673853758704
0.35,35.0,0.2,0.2,0.3,0.2610792376453606,-1.3632636823075952,0.2289566600376376,0.03157883778063919,0.08439333291465928,-0.21115273198750428,0.14955448354089013,0.2610792376453606,64.46330770472412,0.9987646695491044,0.546852429532334,0.06799580633944835,-0.6265673853758704
0.4,35.0,0.2,0.2,0.2,0.28535757832492004,-1.3645667218482171,0.22120389748322555,0.030594826900498084,0.0893962066059826,-0.23328726530137356,0.131146579565644,0.28535757832492004,63.92589580490142,0.9987646695491044,0.546852429532334,0.06799580633944835,-0.6265673853758704
0.3,55.0,0.3,0.2,0.1,0.2130315964292968,-1.370001263093554,0.1264857331317919,0.01812338780681988,0.06871567553554855,-0.17896675503619008,0.1012667844547722,0.2130315964292968,64.93206366911394,0.9975293390982087,0.546852429532334,0.06799580633944835,-0.6265673853758704
0.4,35.0,0.2,0.1,0.3,0.2909053070621112,-1.37395830565008,0.2245957062177144,0.031025979345853827,0.09090915915602109,-0.2388255993375582,0.12991061021897168,0.2909053070621112,64.27857426635774,0.9962940086473132,0.546852429532334,0.06799580633944835,-0.6265673853758704
0.3,55.0,0.3,0.1,0.2,0.2174863180193159,-1.3807446888442092,0.13066172725200964,0.018691669068459094,0.06997683877754562,-0.18303319234700577,0.1021217453991747,0.2174863180193159,65.39598808695827,0.9975293390982087,0.546852429532334,0.06799580633944835,-0.6265673853758704
0.4,35.0,0.2,0.15,0.3,0.2960461931341682,-1.3863943852101368,0.23106178413428546,0.031845118192617816,0.0926676766296191,-0.24136799166715228,0.13193596206630578,0.2960461931341682,64.87777537845892,0.9987646695491044,0.546852429532334,0.06799580633944835,-0.6265673853758704
0.35,55.0,0.3,0.1,0.1,0.2435720053541425,-1.3896470275712764,0.13060027443001476,0.018683319323204772,0.07613806622663703,-0.2066594962661097,0.09040629470589041,0.2435720053541425,65.25002993807132,0.9987646695491044,0.546852429532334,0.06799580633944835,-0.6265673853758704
0.3,45.0,0.3,0.1,0.1,0.20962588144201036,-1.3937744948661046,0.14895862699792684,0.0211607433287051,0.06920568158241078,-0.17038842781668329,0.12419120007064931,0.20962588144201036,66.4870512143234,0.9987646695491044,0.546852429532334,0.06799580633944835,-0.6265673853758704
0.3,55.0,0.3,0.15,0.2,0.22118732738957628,-1.394915318205903,0.13501642069561326,0.019282372986170415,0.07130284422606097,-0.18484939145060886,0.10431396519540397,0.22118732738957628,66.08864977333846,0.9975293390982087,0.546852429532334,0.06799580633944835,-0.6265673853758704
0.4,35.0,0.2,0.2,0.3,0.30118123027750243,-1.399002411228635,0.23748312735341326,0.03265498206389905,0.09443325947728945,-0.24391370084079478,0.1338792447957375,0.30118123027750243,65.48502714360683,0.9981470043236566,0.546852429532334,0.06799580633944835,-0.6265673853758704
0.35,55.0,0.3,0.15,0.1,0.2476891990189857,-1.4025990114806046,0.13504536562759206,0.019286292854769904,0.07754593043868659,-0.2086807835351433,0.09242007111556565,0.2476891990189857,65.87724562839014,0.9987646695491044,0.546852429532334,0.06799580633944835,-0.6265673853758704
0.4,55.0,0.3,0.1,0.1,0.28363553468943403,-1.4088586409539636,0.13133359416244939,0.018782932138763586,0.08689873865620022,-0.23839240697353392,0.07878997648129309,0.28363553468943403,65.422268480298,0.9962940086473132,0.546852429532334,0.06799580633944835,-0.6265673853758704
0.3,45.0,0.3,0.15,0.1,0.21322879283698365,-1.4090004193758563,0.1534476809344807,0.02176141413196553,0.07054270456152098,-0.17216296053430946,0.12640009247301953,0.21322879283698365,67.23401766203335,0.9975293390982087,0.546852429532334,0.06799580633944835,-0.6265673853758704
0.3,55.0,0.3,0.2,0.2,0.22489383833666557,-1.4092811950103552,0.13941560055332847,0.019877160440555208,0.07263683813713108,-0.18661230392090278,0.10651580856630072,0.22489383833666557,66.79261017452295,0.9993823347745522,0.546852429532334,0.06799580633944835,-0.6265673853758704
0.35,55.0,0.3,0.2,0.1,0.25180756681526417,-1.4159224131615074,0.13947220668279003,0.01988480110827351,0.07896179011225213,-0.21071011386945826,0.09437041603324645,0.25180756681526417,66.5226078667526,0.9962940086473132,0.546852429532334,0.06799580633944835,-0.6265673853758704
0.3,55.0,0.3,0.1,0.3,0.22906311762685547,-1.4181492454263231,0.1441695996693111,0.02051773255212619,0.07379151147951249,-0.19036283022233624,0.10778224156555295,0.22906311762685547,67.17427814336406,0.9975293390982087,0.546852429532334,0.06799580633944835,-0.6265673853758704
0.4,55.0,0.3,0.15,0.1,0.28838321258881877,-1.4208253818305838,0.13560011386249982,0.019361403258273846,0.08847394783424736,-0.24054782528183227,0.08048878943548755,0.28838321258881877,65.99564362239708,0.9975293390982087,0.546852429532334,0.06799580633944835,-0.6265673853758704
0.3,45.0,0.3,0.2,0.1,0.2168346545237903,-1.4243416722228521,0.15794215037729176,0.02236082407217621,0.07188741145902387,-0.17394122681579982,0.12855390571584197,0.2168346545237903,67.98659414435642,0.9993823347745522,0.546852429532334,0.06799580633944835,-0.6265673853758704
0.35,55.0,0.3,0.1,0.2,0.2572688062210984,-1.4245694607988855,0.14302525284973333,0.02036374570362387,0.0805031706529898,-0.2160306799336208,0.09426321164142513,0.2572688062210984,66.84589332678495,0.9987646695491044,0.546852429532334,0.06799580633944835,-0.6265673853758704
0.3,55.0,0.3,0.15,0.3,0.23295337031458932,-1.4328323055976095,0.1489803348880845,0.021163652807262734,0.07518763860212074,-0.19215709185000185,0.11013724553961879,0.23295337031458932,67.89587062399357,0.9987646695491044,0.546852429532334,0.06799580633944835,-0.6265673853758704
0.4,55.0,0.3,0.2,0.1,0.2931414694654331,-1.4331477612438337,0.13991965127461503,0.019945185619731687,0.09005880425332241,-0.24271894764182156,0.08217399512280615,0.2931414694654331,66.58667365213273,0.9993823347745522,0.546852429532334,0.06799580633944835,-0.6265673853758704
0.3,45.0,0.3,0.1,0.2,0.2212213283496559,-1.436755123739375,0.16255551543212898,0.022974039362166465,0.07314066425204763,-0.17810419178726467,0.12899213169338344,0.2212213283496559,68.53385336039545,0.9993823347745522,0.546852429532334,0.06799580633944835,-0.6265673853758704
0.35,55.0,0.3,0.15,0.2,0.2616050102147826,-1.437982348882528,0.14725722415480602,0.02093256131328558,0.08199030923606909,-0.2181407486417366,0.09595896889335502,0.2616050102147826,67.49222679374726,1.0,0.546852429532334,0.06799580633944835,-0.6265673853758704
0.4,55.0,0.3,0.1,0.2,0.29964721472585426,-1.4384312001572244,0.14306162506108944,0.020368642074898746,0.09192010359376442,-0.24834572016868917,0.08201728647090563,0.29964721472585426,66.73134910738892,0.9981470043236566,0.546852429532334,0.06799580633944835,-0.6265673853758704
0.3,55.0,0.3,0.2,0.3,0.23684404321138003,-1.4477700096043267,0.1537852521657308,0.021806503523397414,0.07659157677703958,-0.1939542184942823,0.11243118965231613,0.23684404321138003,68.62997019402914,0.9944410129709698,0.546852429532334,0.06799580633944835,-0.6265673853758704
0.35,45.0,0.3,0.1,0.1,0.24533227211975,-1.4494811084506916,0.15744537869256758,0.022294668778295,0.07849672322270682,-0.20141924374007658,0.11068787849817058,0.24533227211975,68.55330776794742,1.0,0.546852429532334,0.06799580633944835,-0.6265673853758704
0.4,55.0,0.3,0.15,0.2,0.3046575102789914,-1.4504413192140042,0.14817771763580612,0.02105604806757122,0.09358610435648616,-0.2507366122295799,0.08397675903944912,0.3046575102789914,67.30645305833927,0.9981470043236566,0.546852429532334,0.06799580633944835,-0.6265673853758704
0.35,55.0,0.3,0.2,0.2,0.2659465414850373,-1.4515745550429893,0.15150712915057674,0.021501997038771536,0.08348524339490555,-0.2202472197990224,0.09762664454240243,0.2659465414850373,68.14764710911248,0.9975293390982087,0.546852429532334,0.06799580633944835,-0.6265673853758704
0.3,45.0,0.3,0.15,0.2,0.22501047676108799,-1.452559775600585,0.16742641317074014,0.02361924764190615,0.07455047572787268,-0.1799749977314825,0.13123627136890081,0.22501047676108799,69.30957621883749,0.9987646695491044,0.546852429532334,0.06799580633944835,-0.6265673853758704
0.35,55.0,0.3,0.1,0.3,0.2710670202570829,-1.458581579706357,0.15373100734904743,0.021799258798417265,0.0849143130567939,-0.22531062846779115,0.09675202162748188,0.2710670202570829,68.38627621354394,0.9987646695491044,0.546852429532334,0.06799580633944835,-0.6265673853758704
0.4,55.0,0.3,0.2,0.2,0.309682662707551,-1.4626482466290474,0.15414158405615552,0.0218540866239203,0.09526727999075509,-0.253115949821611,0.08634021933158477,0.309682662707551,67.89721791710811,0.9975293390982087,0.546852429532334,0.06799580633944835,-0.6265673853758704
0.35,45.0,0.3,0.15,0.1,0.24948202819253612,-1.4640453748202313,0.16205817585585436,0.02290803173202227,0.07996993852497512,-0.20348846495684547,0.1125765617077138,0.24948202819253612,69.26045870369154,0.9993823347745522,0.546852429532334,0.06799580633944835,-0.6265673853758704
0.4,55.0,0.3,0.1,0.3,0.31580625740926677,-1.465966236862788,0.16039110834511727,0.022686600994708206,0.09702481996779733,-0.2586544279906843,0.0877100816365119,0.31580625740926677,67.9662811931077,0.9993823347745522,0.546852429532334,0.06799580633944835,-0.6265673853758704
0.3,35.0,0.3,0.1,0.1,0.21656219779407393,-1.466278248191281,0.1907806638514773,0.026681399559548735,0.07404196656893114,-0.16639441043041214,0.1603503356304578,0.21656219779407393,70.48812212678118,0.9993823347745522,0.546852429532334,0.06799580633944835,-0.6265673853758704
0.3,45.0,0.3,0.2,0.2,0.2288026630736103,-1.4685228937295784,0.17226604964086345,0.024258054855559097,0.07596834728747637,-0.18184749349589147,0.13339779608294225,0.2288026630736103,70.09286009185959,0.9987646695491044,0.546852429532334,0.06799580633944835,-0.6265673853758704
0.4,45.0,0.3,0.1,0.1,0.28451799587940163,-1.469962587109903,0.15800469138897988,0.02236915097676273,0.08869779556291636,-0.23412853377214715,0.0955421819645968,0.28451799587940163,68.7633735600296,0.9987646695491044,0.546852429532334,0.06799580633944835,-0.6265673853758704
0.35,55.0,0.3,0.15,0.3,0.2756247257191112,-1.4723542553581985,0.15802773491871958,0.022372218967620983,0.08647919903405721,-0.22749963502578607,0.09833958179794526,0.2756247257191112,69.04883284064633,0.9993823347745522,0.546852429532334,0.06799580633944835,-0.6265673853758704
0.4,55.0,0.3,0.15,0.3,0.3210902693891583,-1.4778496850704284,0.16703188907844857,0.0235670734066189,0.098797929942108,-0.261098546651225,0.09026122017484746,0.3210902693891583,68.54337425757174,0.9969116738727609,0.546852429532334,0.06799580633944835,-0.6265673853758704
0.35,45.0,0.3,0.2,0.1,0.2536342473264936,-1.4787958500886815,0.1666290611053458,0.023513785559731826,0.08145119157554936,-0.20557248869596179,0.11438196671592722,0.2536342473264936,69.97616956502162,0.9993823347745522,0.546852429532334,0.06799580633944835,-0.6265673853758704
0.3,45.0,0.3,0.1,0.3,0.23288041409382457,-1.479161260148132,0.17712256603557397,0.024896842785100626,0.07710469731517593,-0.1858014243029844,0.13399705022982822,0.23288041409382457,70.55786953908702,0.9993823347745522,0.546852429532334,0.06799580633944835,-0.6265673853758704
0.4,45.0,0.3,0.15,0.1,0.28928278535721486,-1.4833561442157879,0.16224602270348676,0.022932965857000776,0.09032283417618428,-0.23643624655036322,0.09699428996863149,0.28928278535721486,69.40354933988036,0.9987646695491044,0.546852429532334,0.06799580633944835,-0.6265673853758704
0.3,35.0,0.3,0.15,0.1,0.22031052444020047,-1.483724701315154,0.1959022732740201,0.0273461060861655,0.07550108890057883,-0.168171744632705,0.1626082083282818,0.22031052444020047,71.34924675424836,0.9987646695491044,0.546852429532334,0.06799580633944835,-0.6265673853758704
0.35,55.0,0.3,0.2,0.3,0.2801874922792245,-1.4864187674805576,0.16228227478050528,0.022937777435300122,0.08805213455950618,-0.22970672087966137,0.09985679716927721,0.2801874922792245,69.72515922380134,0.9975293390982087,0.546852429532334,0.06799580633944835,-0.6265673853758704
0.35,45.0,0.3,0.1,0.2,0.2590180621307885,-1.4894888942143616,0.1711558630482255,0.024111714134670503,0.08297705533689594,-0.21070480332098385,0.11443362350852135,0.2590180621307885,70.41241033442701,0.9987646695491044,0.546852429532334,0.06799580633944835,-0.6265673853758704
0.4,55.0,0.3,0.2,0.3,0.3263791801056549,-1.4903109825620895,0.17344513006745266,0.0244133480923987,0.10058339058801538,-0.2639067462006123,0.09250748017574574,0.3263791801056549,69.1385478777091,0.9962940086473132,0.546852429532334,0.06799580633944835,-0.6265673853758704
0.3,45.0,0.3,0.15,0.3,0.23685808950933435,-1.495641542490114,0.18208915533895187,0.025547798308114045,0.07858903479313548,-0.18775793689620368,0.13606774089255877,0.23685808950933435,71.36551861750631,1.0,0.546852429532334,0.06799580633944835,-0.6265673853758704
0.4,45.0,0.3,0.2,0.1,0.2940583606730621,-1.4970879389922374,0.16664145297760702,0.023515425043737492,0.09195857046299445,-0.238746776792103,0.09849525660492733,0.2940583606730621,70.06149878199616,0.9975293390982087,0.546852429532334,0.06799580633944835,-0.6265673853758704
0.3,35.0,0.3,0.2,0.1,0.2240648175201336,-1.5011984239611547,0.20106699940017725,0.028013964976105532,0.07696810154379204,-0.16993679141681173,0.16484932275433165,0.2240648175201336,72.21219966144271,0.9975293390982087,0.546852429532334,0.06799580633944835,-0.6265673853758704
0.4,45.0,0.3,0.1,0.2,0.3004763643501572,-1.5046641562964953,0.1693153494273636,0.023868844646110388,0.0937903568309699,-0.24441042782009537,0.09765886365404863,0.3004763643501572,70.31638935162789,0.9993823347745522,0.546852429532334,0.06799580633944835,-0.6265673853758704
0.35,45.0,0.3,0.15,0.2,0.2633810358860199,-1.504700405468741,0.17585104394592244,0.024729813368564058,0.08452834093771563,-0.21289880550751883,0.11615759566904046,0.2633810358860199,71.14904080417728,1.0,0.546852429532334,0.06799580633944835,-0.6265673853758704
0.3,45.0,0.3,0.2,0.3,0.24083699517315862,-1.5123317490248256,0.1870055716533896,0.026189894331639207,0.08008185555778523,-0.18971962310097867,0.1380452580685319,0.24083699517315862,72.18309159029877,0.9981470043236566,0.546852429532334,0.06799580633944835,-0.6265673853758704
0.3,35.0,0.3,0.1,0.2,0.2284077551854878,-1.5151631648708468,0.20654822101641668,0.028720088146740208,0.07823636172372515,-0.17383131356820192,0.16521815061514802,0.2284077551854878,72.8483798116743,0.9993823347745522,0.546852429532334,0.06799580633944835,-0.6265673853758704
0.4,45.0,0.3,0.15,0.2,0.30549309204246644,-1.5183682415807018,0.1745953133543956,0.02456470774763231,0.09550699070884973,-0.2466421639156119,0.09959654650142087,0.30549309204246644,70.98059336852641,0.9987646695491044,0.546852429532334,0.06799580633944835,-0.6265673853758704
0.35,45.0,0.3,0.2,0.2,0.26775033160432266,-1.5200360201336687,0.1805129506977785,0.02534146202733356,0.08608859873221543,-0.21509846657031306,0.11781330862742226,0.26775033160432266,71.89141244379229,0.9981470043236566,0.546852429532334,0.06799580633944835,-0.6265673853758704
0.35,35.0,0.3,0.1,0.1,0.2490453196008231,-1.5282230653474498,0.19765871489678477,0.027573508696269844,0.0823772131080002,-0.19519308571314642,0.14126273272195494,0.2490453196008231,72.91000155935731,0.9981470043236566,0.546852429532334,0.06799580633944835,-0.6265673853758704
0.35,45.0,0.3,0.1,0.3,0.2727754901155988,-1.5289795290610393,0.18430283322985574,0.025837190192159243,0.08748246737400014,-0.21997486041224656,0.11745519530613063,0.2727754901155988,72.24146445235377,0.9981470043236566,0.546852429532334,0.06799580633944835,-0.6265673853758704
0.4,45.0,0.3,0.2,0.2,0.3105166099198733,-1.5325499368670128,0.18049413283526605,0.025338997223826487,0.09723614861109194,-0.24888355583684107,0.10181065253036566,0.3105166099198733,71.67235780862093,0.9987646695491044,0.546852429532334,0.06799580633944835,-0.6265673853758704
0.3,35.0,0.3,0.15,0.2,0.23235573187198238,-1.5332290679063125,0.2118148184912534,0.0293960006456655,0.07977532208895716,-0.1756849169983865,0.16732227870156588,0.23235573187198238,73.73913050263924,0.9987646695491044,0.546852429532334,0.06799580633944835,-0.6265673853758704
0.3,55.0,0.4,0.1,0.1,0.21830780314833503,-1.534584141599206,0.11262926611707935,0.016224854860244387,0.07165794082901736,-0.18346571634371056,0.08843535012202619,0.21830780314833503,72.95380691437975,0.9975293390982087,0.546852429532334,0.06799580633944835,-0.6265673853758704
0.4,45.0,0.3,0.1,0.3,0.3165443191089997,-1.5375603354473768,0.18623529036192554,0.026089443085400177,0.09894853693173628,-0.25408025620789176,0.10268189852600533,0.3165443191089997,71.83048252144155,0.9975293390982087,0.546852429532334,0.06799580633944835,-0.6265673853758704
0.35,45.0,0.3,0.15,0.3,0.2773557033340867,-1.5447233466773755,0.18918053410958735,0.02647322945867714,0.08911343909124617,-0.2222646256065104,0.11910680517170748,0.2773557033340867,73.00321316663987,0.9987646695491044,0.546852429532334,0.06799580633944835,-0.6265673853758704
0.35,35.0,0.3,0.15,0.1,0.2532483104312761,-1.5455372292286045,0.20297497069960913,0.028260070964982953,0.08394876909319786,-0.19719912194262268,0.1433072859888572,0.2532483104312761,73.7598869611138,0.9993823347745522,0.546852429532334,0.06799580633944835,-0.6265673853758704
0.3,35.0,0.3,0.2,0.2,0.23630537078033426,-1.551554472948798,0.21708231406640288,0.03006953780497601,0.08132204760086824,-0.17753493483335925,0.16937251157469582,0.23630537078033426,74.64282716685472,0.9993823347745522,0.546852429532334,0.06799580633944835,-0.6265673853758704
0.4,45.0,0.3,0.15,0.3,0.32181946027999175,-1.5516230362710788,0.19335874341622206,0.027016297641967224,0.10077217802381581,-0.25641087085383774,0.10536330831841902,0.32181946027999175,72.52169492430636,0.9962940086473132,0.546852429532334,0.06799580633944835,-0.6265673853758704
0.3,55.0,0.4,0.15,0.1,0.22190842129467475,-1.552793494007038,0.11594088867899721,0.016680412448633497,0.07297661701890076,-0.18565723272934764,0.08984520669308001,0.22190842129467475,73.83226450454988,0.9987646695491044,0.546852429532334,0.06799580633944835,-0.6265673853758704
0.4,35.0,0.3,0.1,0.1,0.2860286502810821,-1.5579011479214828,0.19888962823351153,0.02773270360141944,0.09165920600763895,-0.22741603864788507,0.1219469997204498,0.2860286502810821,73.59629160994798,0.9993823347745522,0.546852429532334,0.06799580633944835,-0.6265673853758704
0.35,45.0,0.3,0.2,0.3,0.28194474091615035,-1.5606711225554872,0.19389978652409856,0.027086502296440162,0.09075335254077577,-0.22454860501372664,0.12062645543838656,0.28194474091615035,73.7741661172532,0.9969116738727609,0.546852429532334,0.06799580633944835,-0.6265673853758704
0.35,35.0,0.3,0.2,0.1,0.25745501143878285,-1.5630853040788077,0.20839059212639754,0.0289568215594449,0.08552809475890112,-0.19914798339061945,0.1454035389484585,0.25745501143878285,74.62340669714715,0.9981470043236566,0.546852429532334,0.06799580633944835,-0.6265673853758704
0.3,35.0,0.3,0.1,0.3,0.24032581251463547,-1.5634508473790056,0.222417379070996,0.03074919626475925,0.08245971806341962,-0.1812254751252057,0.16967369650163772,0.24032581251463547,75.1793653040581,0.9987646695491044,0.546852429532334,0.06799580633944835,-0.6265673853758704
0.4,45.0,0.3,0.2,0.3,0.3271010947933475,-1.565980965759835,0.20063348140639636,0.027957999940395384,0.10260579923540784,-0.258749417323917,0.10805048463315377,0.3271010947933475,73.22821285191358,0.9975293390982087,0.546852429532334,0.06799580633944835,-0.6265673853758704
0.4,55.0,0.4,0.1,0.1,0.29884103741207907,-1.5665388111176357,0.12144239850093586,0.017434686541059286,0.09336243641633324,-0.25060384088652676,0.06957070761319137,0.29884103741207907,72.93357886077158,0.9993823347745522,0.546852429532334,0.06799580633944835,-0.6265673853758704
0.3,55.0,0.4,0.2,0.1,0.22551039484657756,-1.5713331968629412,0.11923923593914276,0.01713300413862484,0.07430250677996794,-0.1878484098216484,0.0912065433766071,0.22551039484657756,74.72709980453709,0.9987646695491044,0.546852429532334,0.06799580633944835,-0.6265673853758704
0.35,55.0,0.4,0.1,0.1,0.25731195911382515,-1.5715551570271993,0.11471245401461871,0.016511559084519956,0.08205219417713237,-0.2178045635606103,0.07580905934473291,0.25731195911382515,73.9582217165707,0.9987646695491044,0.546852429532334,0.06799580633944835,-0.6265673853758704
0.4,35.0,0.3,0.15,0.1,0.29080007454865875,-1.5739390390494812,0.20383961863016298,0.028371491308932573,0.09335816249963477,-0.22974852351887487,0.1234893303094578,0.29080007454865875,74.37181342994882,0.9993823347745522,0.546852429532334,0.06799580633944835,-0.6265673853758704
0.35,35.0,0.3,0.1,0.2,0.26270085694081935,-1.5762361046639513,0.2140983573837656,0.02968829385108851,0.08703630399403672,-0.20385420731187043,0.14563493313468523,0.26270085694081935,75.19986474295523,0.9987646695491044,0.546852429532334,0.06799580633944835,-0.6265673853758704
0.3,55.0,0.4,0.1,0.2,0.23015850701140145,-1.5797647051626615,0.12423716806104412,0.01781665525719167,0.07564057159336847,-0.19134009405613428,0.09311511706461648,0.23015850701140145,75.0955656695893,0.9987646695491044,0.546852429532334,0.06799580633944835,-0.6265673853758704
0.4,55.0,0.4,0.15,0.1,0.30370933470717487,-1.5811706825548784,0.1266706413226817,0.018148588466537552,0.09501765356124052,-0.2534243690143918,0.07161343061490233,0.30370933470717487,73.630354325711,0.9993823347745522,0.546852429532334,0.06799580633944835,-0.6265673853758704
0.3,35.0,0.3,0.15,0.3,0.24445824668208155,-1.5825751221000397,0.2282788446575983,0.031493017424708114,0.08407560170268426,-0.18315565971307424,0.17194673358193824,0.24445824668208155,76.12451548341053,0.9987646695491044,0.546852429532334,0.06799580633944835,-0.6265673853758704
0.35,55.0,0.4,0.15,0.1,0.2615054092488977,-1.5885845792873619,0.1181951249125135,0.01698985626559657,0.0835211008509202,-0.22030681110116135,0.07711906944990049,0.2615054092488977,74.77105150011889,0.9981470043236566,0.546852429532334,0.06799580633944835,-0.6265673853758704
0.4,35.0,0.3,0.2,0.1,0.29558921270183514,-1.589995953997829,0.20897295517143077,0.029031587892512034,0.09506894893636572,-0.2320264106493387,0.12512191095516037,0.29558921270183514,75.15071682828358,0.9981470043236566,0.546852429532334,0.06799580633944835,-0.6265673853758704
0.35,35.0,0.3,0.15,0.2,0.2671208496840837,-1.5942428561955075,0.21972177409780258,0.030406106280586487,0.08868991747631061,-0.2059086163890379,0.14766796462338444,0.2671208496840837,76.08473271407875,0.9981470043236566,0.546852429532334,0.06799580633944835,-0.6265673853758704
0.4,55.0,0.4,0.2,0.1,0.3085819136603056,-1.5966145869809398,0.13198305114904763,0.018871107418519273,0.09668355031788607,-0.2562764009994525,0.0736357594570699,0.3085819136603056,74.36737469498664,0.9987646695491044,0.546852429532334,0.06799580633944835,-0.6265673853758704
0.4,55.0,0.4,0.1,0.2,0.3153085412124434,-1.5970494331049216,0.13944911464183662,0.019881684194785754,0.09868215853138118,-0.2612619571509799,0.07609865749913367,0.3153085412124434,74.31500693621086,0.9975293390982087,0.546852429532334,0.06799580633944835,-0.6265673853758704
0.3,55.0,0.4,0.15,0.2,0.23394457173217392,-1.598557435460705,0.12794521871431308,0.018322201846657338,0.07702894689502857,-0.19358679349625973,0.09464592865944307,0.23394457173217392,76.00431202796163,0.9981470043236566,0.546852429532334,0.06799580633944835,-0.6265673853758704
0.4,35.0,0.3,0.1,0.2,0.3018820213840391,-1.600535543151087,0.21275751142686694,0.029516722076927238,0.09686564405755886,-0.23777989295683633,0.1241346427987725,0.3018820213840391,75.55811593747981,0.9981470043236566,0.546852429532334,0.06799580633944835,-0.6265673853758704
0.3,35.0,0.3,0.2,0.3,0.24859284904409057,-1.6019248587219452,0.23415722213950185,0.03223596348785751,0.08569921030150515,-0.18509331864196443,0.174160600308935,0.24859284904409057,77.08070814444102,0.9962940086473132,0.546852429532334,0.06799580633944835,-0.6265673853758704
0.35,55.0,0.4,0.2,0.1,0.2657154565409868,-1.6058412768453647,0.12183445689387584,0.017488318934038682,0.08500025008956998,-0.2228028976945119,0.07849233163034153,0.2657154565409868,75.59640734660738,0.9981470043236566,0.546852429532334,0.06799580633944835,-0.6265673853758704
0.3,45.0,0.4,0.1,0.1,0.221671833170595,-1.6080759294271758,0.14523601207196934,0.02066111462120901,0.07488869874327517,-0.17670084162472055,0.11692708665807797,0.221671833170595,77.01933116180123,0.9993823347745522,0.546852429532334,0.06799580633944835,-0.6265673853758704
0.35,55.0,0.4,0.1,0.2,0.2713811917247931,-1.6111346542419587,0.12610235363207245,0.018071126811136873,0.08664374873304723,-0.22716909901851046,0.07954922957925885,0.2713811917247931,75.78106157719202,0.9993823347745522,0.546852429532334,0.06799580633944835,-0.6265673853758704
0.35,35.0,0.3,0.2,0.2,0.2715500782537561,-1.6124187422266791,0.22519240712526978,0.031101724534166042,0.09035207569408808,-0.20803472269401502,0.1495025644344554,0.2715500782537561,76.97515527069189,0.9987646695491044,0.546852429532334,0.06799580633944835,-0.6265673853758704
0.4,55.0,0.4,0.15,0.2,0.3204172775991423,-1.6124266547309611,0.1452515784610915,0.020663206725154204,0.1004297621797719,-0.26423709909739757,0.07819949127407641,0.3204172775991423,75.04856559537083,0.9993823347745522,0.546852429532334,0.06799580633944835,-0.6265673853758704
0.4,35.0,0.3,0.15,0.2,0.3069222440120073,-1.6169048542157762,0.21910462060639513,0.030327465925071184,0.09866380704021027,-0.24013077678017092,0.1262956224592345,0.3069222440120073,76.3583465875381,0.9981470043236566,0.546852429532334,0.06799580633944835,-0.6265673853758704
0.3,55.0,0.4,0.2,0.2,0.23773157984165005,-1.617661760015828,0.13163794122480188,0.018824257989143556,0.0784250826491176,-0.19583716424050945,0.09612199023687511,0.23773157984165005,76.92837179423584,0.9987646695491044,0.546852429532334,0.06799580633944835,-0.6265673853758704
0.35,35.0,0.3,0.1,0.3,0.2764299029263443,-1.6236756583425433,0.23038007638496683,0.03175893028452914,0.09171951256589783,-0.21247177801159645,0.14947364107244293,0.2764299029263443,77.45993498106371,0.9987646695491044,0.546852429532334,0.06799580633944835,-0.6265673853758704
0.3,55.0,0.4,0.1,0.3,0.24205905627015242,-1.6243880694480588,0.13624458459644284,0.019448622567224128,0.07964561522534468,-0.19909651466997547,0.09768439492505619,0.24205905627015242,77.21442173401476,0.9975293390982087,0.546852429532334,0.06799580633944835,-0.6265673853758704
0.4,55.0,0.4,0.1,0.3,0.33178721092645247,-1.6283422608170395,0.1579158850662381,0.022357326913189146,0.10404826245457273,-0.27187172039894214,0.08223483810814233,0.33178721092645247,75.73818637653787,0.9975293390982087,0.546852429532334,0.06799580633944835,-0.6265673853758704
0.35,55.0,0.4,0.15,0.2,0.27581927169134,-1.6283630528951833,0.13022573266905102,0.01863242108367502,0.08819983977688577,-0.22980562288875672,0.08107904780334518,0.27581927169134,76.604633126724,1.0,0.546852429532334,0.06799580633944835,-0.6265673853758704
0.3,45.0,0.4,0.15,0.1,0.22534108645164003,-1.6284719017184546,0.14882628773492534,0.02114300507011513,0.07628953928283735,-0.17872997890899167,0.11829579569793958,0.22534108645164003,78.01249586670369,0.9993823347745522,0.546852429532334,0.06799580633944835,-0.6265673853758704
0.4,55.0,0.4,0.2,0.2,0.32553085599925646,-1.6285687270870581,0.15105520409742557,0.021441529443455565,0.10218696894333587,-0.26720047505882183,0.08024510225416104,0.32553085599925646,75.82050095005513,0.9975293390982087,0.546852429532334,0.06799580633944835,-0.6265673853758704
0.4,35.0,0.3,0.2,0.2,0.311972931632917,-1.6333832722735313,0.22539578179141717,0.031127533747727032,0.1004722076143126,-0.2424823756129384,0.12837029358956067,0.311972931632917,77.16348091073945,0.9981470043236566,0.546852429532334,0.06799580633944835,-0.6265673853758704
0.4,35.0,0.3,0.1,0.3,0.3178686904555978,-1.641876257666952,0.22933149895925986,0.0316262800668583,0.10213311220874816,-0.24790743027718132,0.1275729413656439,0.3178686904555978,77.47744112976098,0.9975293390982087,0.546852429532334,0.06799580633944835,-0.6265673853758704
0.35,35.0,0.3,0.15,0.3,0.2810795173621542,-1.6421417555554634,0.23615922289080005,0.03248830291372773,0.09345590140706175,-0.21465926744282715,0.15134824273254702,0.2810795173621542,78.36502123738887,0.9981470043236566,0.546852429532334,0.06799580633944835,-0.6265673853758704
0.3,55.0,0.4,0.15,0.3,0.24602582456520905,-1.6439442800430348,0.1400780705566227,0.01996656013703646,0.08110317947469817,-0.2014778002694242,0.09910054661276019,0.24602582456520905,78.15859700226795,0.9993823347745522,0.546852429532334,0.06799580633944835,-0.6265673853758704
0.4,55.0,0.4,0.15,0.3,0.33713938573741214,-1.6444191065169582,0.16403904222847165,0.023170792843314247,0.10588499293913321,-0.27495285439138295,0.08427187597162265,0.33713938573741214,76.50567360822905,0.9993823347745522,0.546852429532334,0.06799580633944835,-0.6265673853758704
0.35,55.0,0.4,0.2,0.2,0.2802606377510295,-1.6458698872451851,0.13433888794408766,0.019190593827165925,0.08976422471590953,-0.23243973775353832,0.08256158784482107,0.2802606377510295,77.4420306097791,0.9993823347745522,0.546852429532334,0.06799580633944835,-0.6265673853758704
0.35,55.0,0.4,0.1,0.3,0.2855606957574416,-1.6491038107631242,0.13904417067048236,0.01982701701789069,0.09128159361246833,-0.23626624796520013,0.08391811013484682,0.2855606957574416,77.53988518992074,0.9993823347745522,0.546852429532334,0.06799580633944835,-0.6265673853758704
0.3,45.0,0.4,0.2,0.1,0.22901428778863256,-1.6492196778821988,0.15236070594027296,0.021616150700155545,0.07769821496617804,-0.1810204064554154,0.11941278402487467,0.22901428778863256,79.01628126773234,0.9993823347745522,0.546852429532334,0.06799580633944835,-0.6265673853758704
0.4,45.0,0.4,0.1,0.1,0.2993991196317024,-1.6559225183433735,0.14601323593537496,0.020765543087091665,0.09523781438728392,-0.24526801171539403,0.08466470185760605,0.2993991196317024,77.7027027786384,0.9993823347745522,0.546852429532334,0.06799580633944835,-0.6265673853758704
0.35,45.0,0.4,0.1,0.1,0.2588292530767101,-1.656966012258391,0.14403719948420735,0.020499923065872894,0.08453989994104247,-0.21136725522076805,0.09698722275813826,0.2588292530767101,78.58911538569399,1.0,0.546852429532334,0.06799580633944835,-0.6265673853758704
0.4,35.0,0.3,0.15,0.3,0.3231750066046007,-1.6584635736233144,0.23626051251699587,0.03250106059932545,0.10403701754272025,-0.25028667974643204,0.12985533481946623,0.3231750066046007,78.29106471747119,0.9993823347745522,0.546852429532334,0.06799580633944835,-0.6265673853758704
0.3,45.0,0.4,0.1,0.2,0.23357873386373051,-1.6601856854353427,0.15649491999926957,0.022168028568442688,0.07902513335314533,-0.1848806504562277,0.11990453578424198,0.23357873386373051,79.49566943878358,0.9975293390982087,0.546852429532334,0.06799580633944835,-0.6265673853758704
0.35,35.0,0.3,0.2,0.3,0.28573334566347386,-1.6610473415896496,0.24190931612724653,0.03321114058152985,0.0952005603882675,-0.21686720549087424,0.153140446045575,0.28573334566347386,79.29124397128712,0.9987646695491044,0.546852429532334,0.06799580633944835,-0.6265673853758704
0.4,55.0,0.4,0.2,0.3,0.3424944642455831,-1.6613172846910365,0.1701577136317638,0.023980041138532915,0.10773146797336856,-0.278067570768185,0.08623817970677429,0.3424944642455831,77.31317702227385,0.9975293390982087,0.546852429532334,0.06799580633944835,-0.6265673853758704
0.3,55.0,0.4,0.2,0.3,0.2499939098068757,-1.6638284573135729,0.14381778095204956,0.020470404665829722,0.08256901612210706,-0.20386227308644111,0.1004129128745166,0.2499939098068757,79.1183862718091,0.9993823347745522,0.546852429532334,0.06799580633944835,-0.6265673853758704
0.35,55.0,0.4,0.15,0.3,0.29021854168869393,-1.6669881236943949,0.14421890470204612,0.020524364250502636,0.09292260421837038,-0.2389293620845342,0.08590138973058084,0.29021854168869393,78.40239034513152,1.0,0.546852429532334,0.06799580633944835,-0.6265673853758704
0.4,45.0,0.4,0.15,0.1,0.3042590326770249,-1.673652395436858,0.15124830921545684,0.021467369384499335,0.09694085677955261,-0.24808366784001534,0.0865327797327765,0.3042590326770249,78.55389654506749,0.9956763434218654,0.546852429532334,0.06799580633944835,-0.6265673853758704
0.4,35.0,0.3,0.2,0.3,0.32847903000955453,-1.6752401635423224,0.24319051162712002,0.03337181093690922,0.1059515327194691,-0.2526665497767955,0.1320784685047931,0.32847903000955453,79.11393497954168,0.9987646695491044,0.546852429532334,0.06799580633944835,-0.6265673853758704
0.35,45.0,0.4,0.15,0.1,0.2630318052441738,-1.6770297063470014,0.14791850803133322,0.021021282886171333,0.08607231608691326,-0.21388155033869183,0.09828469474287573,0.2630318052441738,79.55551070319135,0.9987646695491044,0.546852429532334,0.06799580633944835,-0.6265673853758704
0.3,45.0,0.4,0.15,0.2,0.23744128480554044,-1.681091136388785,0.16047224084320866,0.022697383791936865,0.08050075215508841,-0.1870875239026918,0.12131960121371994,0.23744128480554044,80.5122379114688,0.9993823347745522,0.546852429532334,0.06799580633944835,-0.6265673853758704
0.35,55.0,0.4,0.2,0.3,0.29488314721659736,-1.684945001440529,0.14938510816930983,0.021217895463150116,0.09457515853730951,-0.2415978082204393,0.08782321172297403,0.29488314721659736,79.26819963967297,0.9993823347745522,0.546852429532334,0.06799580633944835,-0.6265673853758704
0.4,45.0,0.4,0.2,0.1,0.3091234880245575,-1.6915959838225654,0.15642326691314978,0.02215847784656999,0.09865298513354863,-0.2509032960272509,0.08831481370481212,0.3091234880245575,79.4151406827755,0.9987646695491044,0.546852429532334,0.06799580633944835,-0.6265673853758704
0.4,45.0,0.4,0.1,0.2,0.31576495302233937,-1.6944207430699196,0.16379245952621146,0.023138104450381114,0.10060286307708587,-0.25574991721189366,0.09047160093979915,0.31576495302233937,79.48419444571769,0.9981470043236566,0.546852429532334,0.06799580633944835,-0.6265673853758704
0.35,45.0,0.4,0.2,0.1,0.26724228697155444,-1.6972441686723712,0.1517222544803949,0.021530773739477205,0.08761380091036165,-0.21643462050973572,0.09947934248582334,0.26724228697155444,80.52788160784903,0.9987646695491044,0.546852429532334,0.06799580633944835,-0.6265673853758704
0.3,45.0,0.4,0.2,0.2,0.2413051452358497,-1.7028345682876618,0.16447203687662215,0.023228178828604173,0.08198431686448124,-0.18943185448343192,0.12262023666476725,0.2413051452358497,81.5673409937275,0.9987646695491044,0.546852429532334,0.06799580633944835,-0.6265673853758704
0.35,45.0,0.4,0.1,0.2,0.27278690063062894,-1.7053855283108983,0.1565283155818269,0.022172479732193384,0.08922994322938238,-0.22065296462478978,0.10048575494961813,0.27278690063062894,80.86157628653484,0.9993823347745522,0.546852429532334,0.06799580633944835,-0.6265673853758704
0.3,35.0,0.4,0.1,0.1,0.22838457121969097,-1.707533578019942,0.18984274979751126,0.02655940974771176,0.08009024942604709,-0.17168373387627256,0.15469962790331873,0.22838457121969097,82.41255604147588,0.9987646695491044,0.546852429532334,0.06799580633944835,-0.6265673853758704
0.3,45.0,0.4,0.1,0.3,0.24554730219726786,-1.7117498548238106,0.16959213626280611,0.023905389461451376,0.08318736462182223,-0.19277949918699222,0.12400379481359494,0.24554730219726786,81.96327473458828,0.9975293390982087,0.546852429532334,0.06799580633944835,-0.6265673853758704
0.4,45.0,0.4,0.15,0.2,0.32088484617534324,-1.7123849812141163,0.16992906760602566,0.023949865387198788,0.10239765284107052,-0.25866529578152364,0.09259017648593862,0.32088484617534324,80.35010993552766,0.9987646695491044,0.546852429532334,0.06799580633944835,-0.6265673853758704
0.35,45.0,0.4,0.15,0.2,0.2772439146202858,-1.725347923252338,0.1607767813126355,0.02273785259166239,0.09085300916832445,-0.2234542594271658,0.10175618334576307,0.2772439146202858,81.81793230652087,0.9987646695491044,0.546852429532334,0.06799580633944835,-0.6265673853758704
0.4,45.0,0.4,0.2,0.2,0.32601402111214584,-1.7305214466520114,0.17590218095679466,0.024736533777348635,0.10420289285723289,-0.2616233739449132,0.09455016730484143,0.32601402111214584,81.22231467284517,0.9987646695491044,0.546852429532334,0.06799580633944835,-0.6265673853758704
0.3,35.0,0.4,0.15,0.1,0.23219441825134274,-1.7306897568134207,0.19407585058799648,0.027109342185310803,0.08161778747408115,-0.17362944222554044,0.15613332530376053,0.23219441825134274,83.54921889429806,0.9981470043236566,0.546852429532334,0.06799580633944835,-0.6265673853758704
0.4,45.0,0.4,0.1,0.3,0.33221206517658286,-1.7318214228630526,0.18349191298244105,0.025731232760383804,0.10602006353215171,-0.2661222183049765,0.09668953206641231,0.33221206517658286,81.22457732354741,0.9981470043236566,0.546852429532334,0.06799580633944835,-0.6265673853758704
0.3,45.0,0.4,0.15,0.3,0.2495910332226834,-1.7339140201019108,0.1738626313949867,0.02446830420603452,0.08473546391376005,-0.19517019219785836,0.12536906343377066,0.2495910332226834,83.03986141045081,0.9981470043236566,0.546852429532334,0.06799580633944835,-0.6265673853758704
0.35,45.0,0.4,0.2,0.2,0.28170388949536623,-1.745632345393856,0.16498491894360146,0.02329612907683365,0.09248447326222746,-0.2262656154957744,0.10295921024407137,0.28170388949536623,82.78978333614012,0.9993823347745522,0.546852429532334,0.06799580633944835,-0.6265673853758704
0.4,45.0,0.4,0.15,0.3,0.33757715265250726,-1.7505293571292173,0.18966847797820208,0.026536734084200653,0.10790747551224578,-0.26919260186820726,0.09857898731255864,0.33757715265250726,82.12348951396572,1.0,0.546852429532334,0.06799580633944835,-0.6265673853758704
0.35,45.0,0.4,0.1,0.3,0.28688382628990333,-1.7517348458580941,0.16976550843317173,0.02392827645523732,0.09396722512993232,-0.23016886553988647,0.10395965761533779,0.28688382628990333,83.02893447716941,1.0,0.546852429532334,0.06799580633944835,-0.6265673853758704
0.3,35.0,0.4,0.2,0.1,0.2360063478684677,-1.7542771676071545,0.1983416162782723,0.027661845971697963,0.08315232917410316,-0.17558486520548944,0.15754117497157238,0.2360063478684677,84.70732904880539,1.0,0.546852429532334,0.06799580633944835,-0.6265673853758704
0.3,45.0,0.4,0.2,0.3,0.2536399081617884,-1.7564095291181627,0.17812331825414307,0.025028195672142983,0.0862915960991761,-0.19760114385188088,0.12666017607116575,0.2536399081617884,84.13185764321827,0.9987646695491044,0.546852429532334,0.06799580633944835,-0.6265673853758704
0.35,35.0,0.4,0.1,0.1,0.26212826271762163,-1.7677913062020163,0.18781559087406996,0.02629546804758287,0.08865909754812315,-0.20281504904279102,0.12965245020863767,0.26212826271762163,84.63396248641018,0.9993823347745522,0.546852429532334,0.06799580633944835,-0.6265673853758704
0.3,35.0,0.4,0.1,0.2,0.24047741859019128,-1.7687157087296896,0.20354012280040434,0.02833290534395827,0.08448162180009355,-0.17940650822769155,0.15792573872515211,0.24047741859019128,85.3672679979901,0.9962940086473132,0.546852429532334,0.06799580633944835,-0.6265673853758704
0.4,45.0,0.4,0.2,0.3,0.34294218701208484,-1.769653395845732,0.1958203236320235,0.027335489323866646,0.10980425905337929,-0.272267923627755,0.10039922793564092,0.34294218701208484,83.04274616778605,0.9987646695491044,0.546852429532334,0.06799580633944835,-0.6265673853758704
0.35,45.0,0.4,0.15,0.3,0.2915637696845634,-1.7724257574718105,0.17494400026803048,0.024610568729838134,0.09567769290334134,-0.2330460717616608,0.10560387713811231,0.2915637696845634,84.0256645160409,0.9993823347745522,0.546852429532334,0.06799580633944835,-0.6265673853758704
0.4,35.0,0.4,0.1,0.1,0.3004828050996458,-1.782459952863868,0.18498848001713997,0.025926730934981546,0.09833732070198899,-0.23790579429902214,0.10897898057242951,0.3004828050996458,84.47168933246692,0.9987646695491044,0.546852429532334,0.06799580633944835,-0.6265673853758704
0.35,35.0,0.4,0.15,0.1,0.2664047698388581,-1.790736320424645,0.1926182617906862,0.026920170426742995,0.09029428565840454,-0.20532065575627967,0.1311128211995283,0.2664047698388581,85.7498081486624,0.9993823347745522,0.546852429532334,0.06799580633944835,-0.6265673853758704
0.3,35.0,0.4,0.15,0.2,0.24447833981882044,-1.7927296885468036,0.20790249540214534,0.028894133978207615,0.08608667057511551,-0.18148521254515682,0.15920930181029613,0.24447833981882044,86.54406081262164,0.9987646695491044,0.546852429532334,0.06799580633944835,-0.6265673853758704
0.35,45.0,0.4,0.2,0.3,0.2962528149438071,-1.7935405218264124,0.1802168076180839,0.025302668709511034,0.09739868016252047,-0.2358666948700856,0.1072752926115645,0.2962528149438071,85.04549215504403,0.9981470043236566,0.546852429532334,0.06799580633944835,-0.6265673853758704
0.4,35.0,0.4,0.15,0.1,0.3053677624288348,-1.8033767528092637,0.1905621245654685,0.026652982535562808,0.10012081193359706,-0.24078189670649597,0.11069346533162244,0.3053677624288348,85.48193934957892,0.9993823347745522,0.546852429532334,0.06799580633944835,-0.6265673853758704
0.35,35.0,0.4,0.2,0.1,0.27068506563250677,-1.8143389529868377,0.1973911107325963,0.02753888087216816,0.09193934102546021,-0.20786230734842825,0.13248616944295838,0.27068506563250677,86.89733400923959,0.9975293390982087,0.546852429532334,0.06799580633944835,-0.6265673853758704
0.3,35.0,0.4,0.2,0.2,0.2484793139198418,-1.8173559846211687,0.21223241780860613,0.02944948832677352,0.08769950476296749,-0.18356676242912173,0.1604293061394732,0.2484793139198418,87.75110458666907,0.9987646695491044,0.546852429532334,0.06799580633944835,-0.6265673853758704
0.4,35.0,0.4,0.2,0.1,0.31025704664691284,-1.8246253760455164,0.19618102732705966,0.027382214682762696,0.10191445959071456,-0.24364263120024932,0.11238679597191395,0.31025704664691284,86.50931375640772,1.0,0.546852429532334,0.06799580633944835,-0.6265673853758704
0.35,35.0,0.4,0.1,0.2,0.2760745717889046,-1.8263508215814304,0.2040969124261165,0.02840463360646739,0.09352125605077782,-0.2117647025910232,0.1341329941152878,0.2760745717889046,87.44365519461931,0.9987646695491044,0.546852429532334,0.06799580633944835,-0.6265673853758704
0.3,35.0,0.4,0.1,0.3,0.2526130963096554,-1.8294739385354952,0.2171695188319671,0.030080667542141004,0.0888904112840731,-0.187209518466392,0.16067915663989654,0.2526130963096554,88.297492342222,0.9987646695491044,0.546852429532334,0.06799580633944835,-0.6265673853758704
0.4,35.0,0.4,0.1,0.2,0.31674066655684363,-1.831884072658953,0.2032736732547613,0.028298570088678643,0.1038237824276365,-0.24819271658081854,0.11401853559012007,0.31674066655684363,86.80431422286111,0.9993823347745522,0.546852429532334,0.06799580633944835,-0.6265673853758704
0.35,35.0,0.4,0.15,0.2,0.28057094128084215,-1.8504123984033776,0.2092405962398789,0.029065938574661443,0.09524514849290452,-0.21442401665084831,0.13555355891868306,0.28057094128084215,88.61331643263074,0.9993823347745522,0.546852429532334,0.06799580633944835,-0.6265673853758704
0.4,35.0,0.4,0.15,0.2,0.3218715378937623,-1.8535989176491676,0.2093045983848234,0.02907415204254371,0.10570079013441447,-0.2511708257551072,0.11575449479507287,0.3218715378937623,87.85438284070788,0.9993823347745522,0.546852429532334,0.06799580633944835,-0.6265673853758704
0.3,35.0,0.4,0.15,0.3,0.25680705984625857,-1.8544986389579283,0.22189845313265621,0.030683198614940066,0.09057465871289062,-0.18938299863237096,0.16201664793840387,0.25680705984625857,89.52451691283414,0.9987646695491044,0.546852429532334,0.06799580633944835,-0.6265673853758704
0.35,35.0,0.4,0.2,0.2,0.28508784971385076,-1.8745928183828868,0.21448691700389588,0.029737983035794002,0.09698226520562322,-0.2171205329680861,0.13696531889116678,0.28508784971385076,89.78852674673189,0.9987646695491044,0.546852429532334,0.06799580633944835,-0.6265673853758704
0.4,35.0,0.4,0.2,0.2,0.32700582347308266,-1.8757220801510694,0.2153720391136904,0.029851122479179093,0.10758719047094058,-0.25411382430748786,0.11747146209195626,0.32700582347308266,88.92581452382522,0.9981470043236566,0.546852429532334,0.06799580633944835,-0.6265673853758704
0.3,35.0,0.4,0.2,0.3,0.261004182821906,-1.8799455554260138,0.22670178007563835,0.031293184523019324,0.09226703599203412,-0.19156686268164935,0.1633538498514909,0.261004182821906,90.77276543041043,0.9987646695491044,0.546852429532334,0.06799580633944835,-0.6265673853758704
0.4,35.0,0.4,0.1,0.3,0.33305065241631604,-1.8809718651503031,0.22195695327918852,0.030690639926977736,0.10933775504342876,-0.2582874758993221,0.11882356982318663,0.33305065241631604,89.12593835638098,0.9993823347745522,0.546852429532334,0.06799580633944835,-0.6265673853758704
0.35,35.0,0.4,0.1,0.3,0.290137724693824,-1.883524191687811,0.22074918893787188,0.03053694898619086,0.09842945787833465,-0.2207290273509661,0.13834586847354766,0.290137724693824,90.18483134992593,0.9975293390982087,0.546852429532334,0.06799580633944835,-0.6265673853758704
0.4,35.0,0.4,0.15,0.3,0.3384237127800761,-1.9036786922197881,0.22833405700117937,0.03150000953906651,0.11130651544436349,-0.2613281818967511,0.12053812685044407,0.3384237127800761,90.22573054052395,0.9993823347745522,0.546852429532334,0.06799580633944835,-0.6265673853758704
0.35,35.0,0.4,0.15,0.3,0.2948720168558028,-1.9080053590257042,0.22659405518107656,0.03127952653482624,0.10024476351934752,-0.22355945163398205,0.1399159208264564,0.2948720168558028,91.37525798717697,0.9993823347745522,0.546852429532334,0.06799580633944835,-0.6265673853758704
0.4,35.0,0.4,0.2,0.3,0.3437933966576637,-1.9266069015600145,0.23503249685542604,0.03234632901657508,0.11328588902312338,-0.26439195531285353,0.12234233442655186,0.3437933966576637,91.33786264600813,0.9993823347745522,0.546852429532334,0.06799580633944835,-0.6265673853758704
0.35,35.0,0.4,0.2,0.3,0.2996067336104617,-1.9327980140147203,0.2327573582928406,0.03205931299272846,0.10207205536651372,-0.22639256184099255,0.14160939181051987,0.2996067336104617,92.58305230434762,0.9987646695491044,0.546852429532334,0.06799580633944835,-0.6265673853758704
