date,score
2019-01-02,0.0
2019-01-03,0.0
2019-01-04,0.0
2019-01-07,0.0
2019-01-08,0.0
2019-01-09,0.0
2019-01-10,0.0
2019-01-11,0.0
2019-01-14,0.0
2019-01-15,0.0
2019-01-16,0.0
2019-01-17,0.0
2019-01-18,0.0
2019-01-21,0.0
2019-01-22,0.0
2019-01-23,0.0
2019-01-24,0.0
2019-01-25,0.0
2019-01-28,0.0
2019-01-29,0.1328417804808462
2019-01-30,13.503914676064767
2019-01-31,1.0699483314733627
2019-02-01,84.76323164678071
2019-02-11,74.35647311752388
2019-02-12,78.63609168347185
2019-02-13,86.2419778126946
2019-02-14,91.4802549638301
2019-02-15,85.81436020156376
2019-02-18,84.0878943017981
2019-02-19,90.01971158267418
2019-02-20,89.73942839920159
2019-02-21,79.0701279155054
2019-02-22,70.97070998315832
2019-02-25,77.56799060405172
2019-02-26,87.1085927154438
2019-02-27,83.18919151792255
2019-02-28,50.26843660005191
2019-03-01,-6.938413735192786
2019-03-04,-19.567524740785032
2019-03-05,48.24848595331214
2019-03-06,-4.1214590195141785
2019-03-07,12.144410277989294
2019-03-08,14.526247001127187
2019-03-11,13.574285758773355
2019-03-12,50.102536433683625
2019-03-13,37.03049150304213
2019-03-14,55.843163953578404
2019-03-15,6.567557389344412
2019-03-18,68.70001415529528
2019-03-19,69.12777478125439
2019-03-20,46.56430088914732
2019-03-21,53.54591381462468
2019-03-22,71.41498993299037
2019-03-25,58.191822188938836
2019-03-26,68.33506258731992
2019-03-27,37.10264407173162
2019-03-28,18.576409608592765
2019-03-29,12.783211365933408
2019-04-01,53.59119600119673
2019-04-02,83.58190694807257
2019-04-03,75.45973000273659
2019-04-04,74.74960851885051
2019-04-08,82.24827481017577
2019-04-09,89.80513999567172
2019-04-10,47.21255902418439
2019-04-11,72.9193937068799
2019-04-12,32.68100211614112
2019-04-15,-6.886005620334531
2019-04-16,14.809462671643141
2019-04-17,9.077179315678606
2019-04-18,9.04961167011608
2019-04-19,-5.7710860297431905
2019-04-22,-13.310930887947558
2019-04-23,-21.434475285836726
2019-04-24,5.085660287967544
2019-04-25,-7.14168882050762
2019-04-26,-35.256838980575694
2019-04-29,-15.341090580086476
2019-04-30,23.432979997591158
2019-05-06,3.7133889058696554
2019-05-07,-38.948800213330486
2019-05-08,17.1664987126451
2019-05-09,-33.63299276848551
2019-05-10,-46.4578307782552
2019-05-13,-14.645107025376063
2019-05-14,-19.147696202583063
2019-05-15,-14.98467140728691
2019-05-16,8.021541712742527
2019-05-17,-6.4814873891410585
2019-05-20,4.140377861319385
2019-05-21,-42.788526398563064
2019-05-22,-45.03349889782816
2019-05-23,-32.812123747877436
2019-05-24,-2.5151914184361743
2019-05-27,-19.804624790529722
2019-05-28,-6.767286010812523
2019-05-29,24.91342552183157
2019-05-30,5.179873519520695
2019-05-31,10.48816868326802
2019-06-03,25.12043098745878
2019-06-04,85.97033802204197
2019-06-05,35.991308617024586
2019-06-06,25.728181132943885
2019-06-10,46.205663285764956
2019-06-11,58.857845243718174
2019-06-12,91.21201055533817
2019-06-13,65.43715245355257
2019-06-14,61.48956983214969
2019-06-17,39.899576090480664
2019-06-18,-13.877540927937991
2019-06-19,28.30843946860803
2019-06-20,89.1172506154748
2019-06-21,95.75677223939707
2019-06-24,91.07361768765479
2019-06-25,79.52886345869919
2019-06-26,79.97134467497699
2019-06-27,52.51564611666397
2019-06-28,77.3961123446207
2019-07-01,72.24066543710751
2019-07-02,88.51412126916435
2019-07-03,88.09135732557677
2019-07-04,81.23392878013225
2019-07-05,68.63920465779987
2019-07-08,-1.1559977721572352
2019-07-09,-38.1453625027474
2019-07-10,-15.925986093647019
2019-07-11,-42.53402675569225
2019-07-12,-76.9419949742435
2019-07-15,-54.058775847398664
2019-07-16,-8.677779065332913
2019-07-17,-70.36424186379135
2019-07-18,-7.419559146490757
2019-07-19,54.946335811450865
2019-07-22,-3.4955289892026653
2019-07-23,58.30025850023267
2019-07-24,23.179175633616275
2019-07-25,65.58651837399356
2019-07-26,29.641307908023386
2019-07-29,9.578691184233309
2019-07-30,42.292412233824585
2019-07-31,35.45893379065068
2019-08-01,32.22147111088559
2019-08-02,71.83975040599522
2019-08-05,84.2888733938806
2019-08-06,76.56280797170214
2019-08-07,86.27841059494895
2019-08-08,46.16857420387568
2019-08-09,44.89651472806641
2019-08-12,22.817075502507368
2019-08-13,3.6874881076719337
2019-08-14,30.778544473876416
2019-08-15,36.371728537614686
2019-08-16,43.59821923406763
2019-08-19,62.55065791285904
2019-08-20,77.76403877031215
2019-08-21,66.41798524542943
2019-08-22,46.180435502575506
2019-08-23,28.835685119767668
2019-08-26,27.198075652622734
2019-08-27,14.848022301655437
2019-08-28,52.461253872193154
2019-08-29,44.99544400856508
2019-08-30,58.52984359689872
2019-09-02,73.97022218682332
2019-09-03,76.39452379987026
2019-09-04,71.31505795954976
2019-09-05,91.66013036895211
2019-09-06,94.10386638265703
2019-09-09,81.77299736118749
2019-09-10,73.17550813676009
2019-09-11,27.38686808110767
2019-09-12,4.100847967631949
2019-09-16,-59.97218280204576
2019-09-17,-42.08234334883842
2019-09-18,-19.29947589410973
2019-09-19,-22.753004347424547
2019-09-20,-36.15575405286232
2019-09-23,-23.391792651124774
2019-09-24,-33.71957849466829
2019-09-25,-8.790756972648829
2019-09-26,-13.55903181073299
2019-09-27,0.6337966618548148
2019-09-30,-65.44442473874545
2019-10-08,-50.5693778499634
2019-10-09,-37.40888262464555
2019-10-10,-40.495771470010496
2019-10-11,-32.08627427064423
2019-10-14,7.223303613549785
2019-10-15,11.532999031613814
2019-10-16,33.83210442157559
2019-10-17,8.401782991204533
2019-10-18,2.797292238309401
2019-10-21,-20.81706823047638
2019-10-22,-10.202356165192988
2019-10-23,24.065598582204448
2019-10-24,-42.78329789121395
2019-10-25,3.247537558203984
2019-10-28,21.875676613030706
2019-10-29,73.2927089226884
2019-10-30,50.413795809244036
2019-10-31,60.936807444381486
2019-11-01,83.09978120803947
2019-11-04,41.811290097885426
2019-11-05,87.98576541718455
2019-11-06,68.560493200429
2019-11-07,47.7454046304877
2019-11-08,-30.803528038447904
2019-11-11,-11.586110366218925
2019-11-12,-49.25968670208499
2019-11-13,-44.47177660362199
2019-11-14,10.866312903633638
2019-11-15,28.762444104687972
2019-11-18,50.27428961882123
2019-11-19,9.36238978008127
2019-11-20,20.36612683591393
2019-11-21,36.81191910897722
2019-11-22,-19.230920807034227
2019-11-25,12.073132045054708
2019-11-26,56.71949686306557
2019-11-27,24.316112425713257
2019-11-28,-12.645436061034623
2019-11-29,-30.87059706728023
2019-12-02,20.206360277171
2019-12-03,-61.58926606061658
2019-12-04,-43.14465798373049
2019-12-05,-14.590750825684356
2019-12-06,7.73889423448319
2019-12-09,8.451322988357084
2019-12-10,75.5145521223555
2019-12-11,35.08901208894595
2019-12-12,88.60634577106175
2019-12-13,54.147973801561236
2019-12-16,85.8510059022165
2019-12-17,84.3974252185482
2019-12-18,83.37585501873396
2019-12-19,67.64252928862649
2019-12-20,42.18824065843407
2019-12-23,55.508277002788624
2019-12-24,16.45744034648557
2019-12-25,8.913655712224678
2019-12-26,20.210731947410544
2019-12-27,9.021026468593679
2019-12-30,74.18982679670091
2019-12-31,37.34852200915263
2020-01-02,64.46490887308593
2020-01-03,81.99335117961971
2020-01-06,90.9456626008469
2020-01-07,88.22483429862729
2020-01-08,80.39708401175051
2020-01-09,48.60150436945008
2020-01-10,63.405376571345855
2020-01-13,53.1967798280095
2020-01-14,74.83270376960658
2020-01-15,84.21806939046672
2020-01-16,70.90707143033626
2020-01-17,76.10760262688132
2020-01-20,67.14338849659536
2020-01-21,67.38028976781624
2020-01-22,79.98997771248156
2020-01-23,83.23130886015544
2020-02-03,-0.2477944703725612
2020-02-04,-65.48516392875992
2020-02-05,68.70918832814826
2020-02-06,71.2746751439366
2020-02-07,66.32160370542266
2020-02-10,62.564953021807085
2020-02-11,66.60217778981885
2020-02-12,52.78414679009745
2020-02-13,57.6482101403977
2020-02-14,74.10404214796777
2020-02-17,68.29270337197094
2020-02-18,80.36472730863667
2020-02-19,74.30278386563339
2020-02-20,64.86514686946965
2020-02-21,46.740828172646694
2020-02-24,64.88522963835656
2020-02-25,61.24476442212551
2020-02-26,74.4788671906503
2020-02-27,71.6654270000052
2020-02-28,33.423023137639795
2020-03-02,64.1990702204552
2020-03-03,97.63790037823388
2020-03-04,79.3676579883859
2020-03-05,67.20717381857594
2020-03-06,81.93063171105752
2020-03-09,50.33228264753451
2020-03-10,45.01747853022992
2020-03-11,45.760399540419826
2020-03-12,-27.63207343866042
2020-03-13,-66.19548506579234
2020-03-16,-31.602369290995654
2020-03-17,-52.023661388853604
2020-03-18,-57.540019470718406
2020-03-19,-75.54482330674759
2020-03-20,-73.97952907673563
2020-03-23,-78.4980466740609
2020-03-24,-69.77979208213071
2020-03-25,-52.764007261618914
2020-03-26,-53.029674045479055
2020-03-27,-32.59885765670785
2020-03-30,-4.914784042152075
2020-03-31,3.5273883139264317
2020-04-01,-25.737281944861678
2020-04-02,-34.63022982976945
2020-04-03,-17.458726261531325
2020-04-07,-2.759723541026439
2020-04-08,24.71719743819111
2020-04-09,26.411887527684158
2020-04-10,19.191031272270727
2020-04-13,-3.3478163449746816
2020-04-14,-35.463916681792
2020-04-15,31.42709947411476
2020-04-16,32.16276143891268
2020-04-17,46.47268782834511
2020-04-20,78.89838073352168
2020-04-21,60.66782800682505
2020-04-22,72.22577254337452
2020-04-23,64.11677273667476
2020-04-24,80.13523152235035
2020-04-27,72.91371023211401
2020-04-28,40.53401450410958
2020-04-29,86.73214249400027
2020-04-30,63.88787941932343
2020-05-06,53.102984293133936
2020-05-07,64.72427784930561
2020-05-08,67.12080794837951
2020-05-11,66.73261767908157
2020-05-12,23.151184625432197
2020-05-13,-37.84589624548734
2020-05-14,-39.88319679707406
2020-05-15,-12.215240544314211
2020-05-18,-24.55821083044382
2020-05-19,16.090446369886067
2020-05-20,-12.23250021710268
2020-05-21,46.33305220800618
2020-05-22,-4.242921234919026
2020-05-25,-14.514002499948914
2020-05-26,-39.48580269531173
2020-05-27,-47.53041904640658
2020-05-28,-6.591552256948134
2020-05-29,-32.307263370916324
2020-06-01,41.02454193104757
2020-06-02,40.46479635380812
2020-06-03,61.496228308409954
2020-06-04,25.77498910551863
2020-06-05,-30.765564506026855
2020-06-08,-38.62017452417727
2020-06-09,10.555534174121444
2020-06-10,-2.0041931374947852
2020-06-11,-0.2637955505578482
2020-06-12,45.27108941411274
2020-06-15,23.48331860881345
2020-06-16,58.969075235647885
2020-06-17,32.98637250990476
2020-06-18,53.600283606275326
2020-06-19,69.2102504382174
2020-06-22,86.39223140388208
2020-06-23,83.98171440262476
2020-06-24,72.65712300278156
2020-06-29,65.36577409541668
2020-06-30,41.13630436918653
2020-07-01,56.09825660412058
2020-07-02,89.0564605853858
2020-07-03,89.5492716580676
2020-07-06,87.65531916973117
2020-07-07,76.44289462460401
2020-07-08,92.28447531234556
2020-07-09,91.81895813753067
2020-07-10,97.08836449639246
2020-07-13,89.0529369022403
2020-07-14,86.88704358155849
2020-07-15,92.62530045000494
2020-07-16,88.35201869202203
2020-07-17,78.97657122854784
2020-07-20,73.86917742479594
2020-07-21,87.78700666571181
2020-07-22,82.8411162485891
2020-07-23,87.12673578330505
2020-07-24,80.78623284325387
2020-07-27,60.37855883009923
2020-07-28,51.65857390371933
2020-07-29,33.92530746207064
2020-07-30,72.78435193676782
2020-07-31,91.62488917326576
2020-08-03,87.98287281341453
2020-08-04,92.73464836751126
2020-08-05,95.97654030526895
2020-08-06,82.18314002255332
2020-08-07,79.3231935770727
2020-08-10,61.53133657005332
2020-08-11,26.794917157305164
2020-08-12,-44.34751802074425
2020-08-13,-22.267104653397304
2020-08-14,-46.8739519581043
2020-08-17,-61.69242238390894
2020-08-18,43.13384158123267
2020-08-19,10.471619310372482
2020-08-20,14.246119370613734
2020-08-21,1.24347901608067
2020-08-24,16.39293377402663
2020-08-25,2.1080102258075986
2020-08-26,-7.452149706943377
2020-08-27,50.01085712428653
2020-08-28,-45.39570858895068
2020-08-31,37.13103084868562
2020-09-01,55.853961847915656
2020-09-02,67.74395920160228
2020-09-03,84.95701748096505
2020-09-04,61.828574050661416
2020-09-07,-25.74921231319568
2020-09-08,0.5851494359126104
2020-09-09,-40.196532284764096
2020-09-10,-23.729951467636955
2020-09-11,-8.62478843881471
2020-09-14,-0.9355784643452267
2020-09-15,26.066653193539363
2020-09-16,7.847776628646159
2020-09-17,-15.014145290316808
2020-09-18,10.969464095388492
2020-09-21,-23.7313270311655
2020-09-22,-16.541592545103995
2020-09-23,-49.643490531722506
2020-09-24,-61.654399000963835
2020-09-25,-55.4629649640052
2020-09-28,36.99743475964993
2020-09-29,-9.578679215858138
2020-09-30,0.8292297074384893
2020-10-09,-74.86610536307711
2020-10-12,-46.67351351495095
2020-10-13,-18.445832224868496
2020-10-14,32.309914057295174
2020-10-15,0.0468859173533378
2020-10-16,25.34665655016317
2020-10-19,-14.935550132505373
2020-10-20,7.970366042332547
2020-10-21,-58.43783038269176
2020-10-22,-6.081674966741927
2020-10-23,3.0031229688243215
2020-10-26,32.69603987582629
2020-10-27,56.46887436851034
2020-10-28,-0.053280999849569355
2020-10-29,2.865248187897148
2020-10-30,-0.8788279370413541
2020-11-02,11.6455873889543
2020-11-03,39.583063185609305
2020-11-04,1.8004333332964269
2020-11-05,70.1610677220487
2020-11-06,92.51144308771853
2020-11-09,95.40307845054497
2020-11-10,71.95274204041269
2020-11-11,14.051653500734323
2020-11-12,25.839951034278158
2020-11-13,7.861158594499376
2020-11-16,9.555549475007808
2020-11-17,53.70933296145583
2020-11-18,70.78120655921856
2020-11-19,77.50123366952349
2020-11-20,68.38405688448552
2020-11-23,77.24063436032952
2020-11-24,87.16066206337095
2020-11-25,57.55508994360426
2020-11-26,66.35897980580387
2020-11-27,42.933047529531855
2020-11-30,72.9010421491939
2020-12-01,90.9929733693483
2020-12-02,45.39144671015714
2020-12-03,50.33375844385975
2020-12-04,53.88786438961024
2020-12-07,10.169720168315582
2020-12-08,72.21051065289136
2020-12-09,27.105856985177184
2020-12-10,16.500653253314642
2020-12-11,22.65622994857289
2020-12-14,37.149544741408455
2020-12-15,-42.801323768154916
2020-12-16,-36.45809067039207
2020-12-17,-24.383809820130747
2020-12-18,-22.563517824858952
2020-12-21,-39.14066148286985
2020-12-22,-9.057280609861674
2020-12-23,-2.6374431406281325
2020-12-24,-5.030227776618958
2020-12-25,-1.234139087270247
2020-12-28,-2.802883752519117
2020-12-29,16.11845749475742
2020-12-30,37.58431671073288
2020-12-31,20.38950825053145
2021-01-04,33.05717085126008
2021-01-05,70.41149654658193
2021-01-06,56.084238390632116
2021-01-07,-31.288038102990647
2021-01-08,46.98806421245376
2021-01-11,-22.987358115164234
2021-01-12,-17.540935177519877
2021-01-13,-67.55569033397913
2021-01-14,27.36614523802393
2021-01-15,-37.38142590457005
2021-01-18,-34.25369182894901
2021-01-19,-56.33905874410588
2021-01-20,-5.842985478768892
2021-01-21,-35.53352635078592
2021-01-22,-8.883877158266312
2021-01-25,-3.021027822833876
2021-01-26,25.134237205057097
2021-01-27,-27.69645717969769
2021-01-28,-61.47364153104364
2021-01-29,-51.14509841144953
2021-02-01,-64.30880027122886
2021-02-02,-50.59126075749634
2021-02-03,-46.21336585967991
2021-02-04,-59.507476028367094
2021-02-05,-40.450589696635035
2021-02-08,-69.31227450608047
2021-02-09,-53.37336197186882
2021-02-10,-59.65048325799012
2021-02-18,-85.94261520240634
2021-02-19,13.860987900179872
2021-02-22,30.45916609827838
2021-02-23,27.594600389435133
2021-02-24,13.855915958174513
2021-02-25,29.108519307882734
2021-02-26,-40.962179804496486
2021-03-01,-26.50828317920022
2021-03-02,-3.158357436979069
2021-03-03,20.666667589225774
2021-03-04,-49.98522424882712
2021-03-05,-64.70928244201315
2021-03-08,-71.07542359572884
2021-03-09,-76.50937071219622
2021-03-10,-3.574205357835325
2021-03-11,-35.17496926643545
2021-03-12,-24.197164086052915
2021-03-15,-39.04900892007252
2021-03-16,1.0994691016997002
2021-03-17,-10.4927373450241
2021-03-18,-3.2408906449636543
2021-03-19,-36.50922776551654
2021-03-22,-25.46357857377091
2021-03-23,7.768230712401435
2021-03-24,0.7711510805843886
2021-03-25,0.9366836400148078
2021-03-26,-40.357762558425435
2021-03-29,-28.489882816439522
2021-03-30,-31.38607459437889
2021-03-31,-53.95953114212098
2021-04-01,-30.806800398232408
2021-04-02,-6.005253312267881
2021-04-06,-48.997812802456906
2021-04-07,4.163752706158698
2021-04-08,9.356795494821766
2021-04-09,64.33283806876892
2021-04-12,27.166474767609486
2021-04-13,48.85566740379947
2021-04-14,46.5889030649744
2021-04-15,-9.953527162478096
2021-04-16,54.42293632933725
2021-04-19,49.187131332951864
2021-04-20,60.251531909107726
2021-04-21,54.329759964937445
2021-04-22,53.9440596078119
2021-04-23,2.096280682423725
2021-04-26,-5.438093134512242
2021-04-27,78.894722412151
2021-04-28,-21.365563475840464
2021-04-29,-13.29491129045907
2021-04-30,-18.28339722876251
2021-05-06,-53.60809415180589
2021-05-07,87.54504547452966
2021-05-10,87.95809319002169
2021-05-11,37.57278738253174
2021-05-12,-4.376757604053449
2021-05-13,-67.57480212716362
2021-05-14,-19.329205705124956
2021-05-17,12.054020039601491
2021-05-18,24.01720368135595
2021-05-19,-20.662016901935594
2021-05-20,-19.261028813362728
2021-05-21,87.42927257544662
2021-05-24,16.359475554246586
2021-05-25,61.7745856580751
2021-05-26,68.76856461123106
2021-05-27,90.71100795791367
2021-05-28,62.48165686693096
2021-05-31,74.4787987598282
2021-06-01,70.56557296030563
2021-06-02,41.46407200893829
2021-06-03,20.58033930757019
2021-06-04,-19.098289348519767
2021-06-07,41.77499969124092
2021-06-08,35.07404691513057
2021-06-09,37.506388167851206
2021-06-10,20.779472497891216
2021-06-11,83.43098186903357
2021-06-15,78.02825875917644
2021-06-16,59.54986522120213
2021-06-17,0.6117622636973223
2021-06-18,19.32291922902491
2021-06-21,32.870963655132186
2021-06-22,-21.50955426065657
2021-06-23,-12.373833529741304
2021-06-24,44.56753594170863
2021-06-25,59.10993646494042
2021-06-28,30.665733900312073
2021-06-29,72.31581675305121
2021-06-30,52.61130626985992
2021-07-01,20.287056940743504
2021-07-02,13.642578572646418
2021-07-05,54.67858465291868
2021-07-06,61.16075822129058
2021-07-07,94.68373549312722
2021-07-08,71.9236145607203
2021-07-09,81.316874500155
2021-07-12,66.43036793089398
2021-07-13,84.97376281311672
2021-07-14,61.15878308707718
2021-07-15,79.55455607473647
2021-07-16,59.6396945481078
2021-07-19,53.362700360101655
2021-07-20,69.54298979013005
2021-07-21,2.8659218207383104
2021-07-22,42.31362071225117
2021-07-23,47.7294546081384
2021-07-26,63.91048395625378
2021-07-27,53.59713696765338
2021-07-28,66.12562250495509
2021-07-29,62.651801370438626
2021-07-30,28.078776098169932
2021-08-02,65.70032156023592
2021-08-03,87.591751482218
2021-08-04,90.10891942804017
2021-08-05,76.75745671479409
2021-08-06,58.68616471169882
2021-08-09,7.054988321606374
2021-08-10,-8.477015656328287
2021-08-11,-72.90346899841794
2021-08-12,-47.79197945141986
2021-08-13,-55.43273071526491
2021-08-16,15.17852044168982
2021-08-17,-6.349617254352861
2021-08-18,2.6985996402022856
2021-08-19,-37.766817938676894
2021-08-20,-23.273770152994235
2021-08-23,-2.0780007350255727
2021-08-24,61.42870396790491
2021-08-25,55.37038089373046
2021-08-26,14.829893951795459
2021-08-27,52.684246860404166
2021-08-30,61.28684885708034
2021-08-31,88.85911855838258
2021-09-01,78.48193155575598
2021-09-02,92.23885640806273
2021-09-03,85.12597962841274
2021-09-06,82.39587384229361
2021-09-07,66.92419033936382
2021-09-08,25.765135606510974
2021-09-09,30.436110671078254
2021-09-10,83.6746367623448
2021-09-13,70.95003083611456
2021-09-14,71.41157792627068
2021-09-15,69.44650569557578
2021-09-16,53.92060596705492
2021-09-17,52.25240799383564
2021-09-22,-13.95541123794034
2021-09-23,-17.600110164543832
2021-09-24,-45.128122725331075
2021-09-27,-77.64283455942406
2021-09-28,-39.32565687305158
2021-09-29,-99.03659151679615
2021-09-30,-99.0184062025352
2021-10-08,-98.72084342242948
2021-10-11,-96.78832172909343
2021-10-12,-97.02322474537696
2021-10-13,-96.41743715292304
2021-10-14,-90.98343130727368
2021-10-15,-76.76013219523549
2021-10-18,-79.15811320328832
2021-10-19,-62.75631303125751
2021-10-20,-77.50031761999371
2021-10-21,-77.10411157912696
2021-10-22,-14.390230239468927
2021-10-25,-39.81495580404214
2021-10-26,-38.406491459275834
2021-10-27,-36.574476756055404
2021-10-28,20.535682482530895
2021-10-29,78.0828324842546
2021-11-01,34.01833482473975
2021-11-02,45.079531313646996
2021-11-03,68.39196191421172
2021-11-04,20.08248965548982
2021-11-05,71.02666152485585
2021-11-08,92.96080899835584
2021-11-09,60.19809384923498
2021-11-10,74.71031925938314
2021-11-11,36.758929365719396
2021-11-12,-3.347158442081824
2021-11-15,8.716894720096597
2021-11-16,23.989237384150208
2021-11-17,-4.621341917407272
2021-11-18,-44.31786203189229
2021-11-19,-36.93124328291353
2021-11-22,4.546063452160375
2021-11-23,-7.3359427983549885
2021-11-24,-53.039382680170114
2021-11-25,-28.43381958898765
2021-11-26,-62.49685028419849
2021-11-29,19.966059778331953
2021-11-30,68.43490212440777
2021-12-01,79.77907453774546
2021-12-02,59.934328889614434
2021-12-03,81.13296781289908
2021-12-06,81.37001643594846
2021-12-07,87.60104557328651
2021-12-08,85.38713117466116
2021-12-09,58.17685711211864
2021-12-10,74.66526611750464
2021-12-13,81.3831855132191
2021-12-14,89.10651306970854
2021-12-15,26.544566035252245
2021-12-16,59.00219732890512
2021-12-17,30.035782551572662
2021-12-20,19.03193159991102
2021-12-21,18.67747140107207
2021-12-22,-19.464369988074623
2021-12-23,14.45791858122169
2021-12-24,-6.682783838223587
2021-12-27,15.950129114549199
2021-12-28,10.76093162675278
2021-12-29,-22.29488625312011
2021-12-30,-56.304055180892064
2021-12-31,-34.768315447543074
2022-01-04,-71.54901240136904
2022-01-05,-35.34337555498977
2022-01-06,-46.84610431183296
2022-01-07,-39.60044054196062
2022-01-10,-24.38789403856218
2022-01-11,-68.00976730641078
2022-01-12,-29.64751430779883
2022-01-13,-8.855023528884443
2022-01-14,-7.361096472752383
2022-01-17,7.748606852231166
2022-01-18,-25.736600737717474
2022-01-19,-73.40260531270842
2022-01-20,-89.02348415879351
2022-01-21,-77.32185690323992
2022-01-24,-65.14629839861769
2022-01-25,-76.35979188455417
2022-01-26,-74.42895025857574
2022-01-27,-85.78331706720382
2022-01-28,-84.21316224979064
2022-02-07,-84.45517948676714
2022-02-08,-80.04361489743144
2022-02-09,-40.923570478073685
2022-02-10,-12.15125777973062
2022-02-11,-17.73776609787955
2022-02-14,-9.366686864654152
2022-02-15,-70.67379081839528
2022-02-16,-68.37974645067862
2022-02-17,-50.857973463092705
2022-02-18,-21.518442682606178
2022-02-21,-25.691214731103827
2022-02-22,-2.5521965788775436
2022-02-23,-12.00529029881348
2022-02-24,-56.08826156492597
2022-02-25,41.1978800526274
2022-02-28,-9.67649072975567
2022-03-01,29.407830205589494
2022-03-02,41.662319229259325
2022-03-03,-34.54328801561143
2022-03-04,24.86046598444132
2022-03-07,11.45097722753587
2022-03-08,-54.45079032233801
2022-03-09,-4.477350754964789
2022-03-10,35.13986762183425
2022-03-11,-34.31698475447833
2022-03-14,-52.0726172562638
2022-03-15,-88.2286965589513
2022-03-16,-56.59017523803732
2022-03-17,-22.776356518670994
2022-03-18,21.077265366939166
2022-03-21,0.7252081708006594
2022-03-22,-48.90264074888023
2022-03-23,-50.98898069080667
2022-03-24,-63.0827641138347
2022-03-25,-31.20297548298805
2022-03-28,-33.57861446069819
2022-03-29,-21.35542063678007
2022-03-30,1.3670525076429207
2022-03-31,-15.921057464640715
2022-04-01,17.84148588499557
2022-04-06,-56.29721003909536
2022-04-07,-28.903071073101888
2022-04-08,-51.121470169091666
2022-04-11,-56.68258511520751
2022-04-12,-53.49678753188227
2022-04-13,-43.56759490580416
2022-04-14,-18.566033554923663
2022-04-15,-2.8332186500159438
2022-04-18,-16.932971385747926
2022-04-19,-86.17449194234634
2022-04-20,-85.44672000153045
2022-04-21,-70.68328284565509
2022-04-22,-57.0026075841857
2022-04-25,-84.57904333793192
2022-04-26,-3.580147772458819
2022-04-27,-21.579263590344507
2022-04-28,-30.655775522179862
2022-04-29,-38.18031187858923
2022-05-05,14.590743155096707
2022-05-06,-34.68192435162216
2022-05-09,-87.51654802133649
2022-05-10,-94.79087484192996
2022-05-11,-56.76462141227704
2022-05-12,-12.75807232010559
2022-05-13,-48.87636223309642
2022-05-16,-55.14421976462663
2022-05-17,-46.03086169051923
2022-05-18,-38.37844976336616
2022-05-19,-44.115173450214215
2022-05-20,-23.720268872195582
2022-05-23,19.812693529840672
2022-05-24,-30.138134581427742
2022-05-25,19.593134060812588
2022-05-26,-24.075110250459087
2022-05-27,60.99126063043767
2022-05-30,66.11934064736147
2022-05-31,71.84432086677353
2022-06-01,30.04813387620002
2022-06-02,3.0609730908712756
2022-06-06,-39.85630864206578
2022-06-07,-18.251317544804856
2022-06-08,-27.609684670269033
2022-06-09,-55.8553240373752
2022-06-10,-71.23317031754033
2022-06-13,-75.17546522062683
2022-06-14,-94.90660475126995
2022-06-15,-92.04694034323205
2022-06-16,-44.77996494567895
2022-06-17,-79.87472186575866
2022-06-20,-72.82236913473002
2022-06-21,-63.94488275382294
2022-06-22,-71.06895701051691
2022-06-23,-49.08959091307787
2022-06-24,-48.636062837633084
2022-06-27,-38.41214218319686
2022-06-28,-35.054555642920704
2022-06-29,-63.29546667145161
2022-06-30,-44.20281755122069
2022-07-01,-41.935131451494584
2022-07-04,-52.07695645285828
2022-07-05,-10.093012786152784
2022-07-06,9.16993979541707
2022-07-07,-62.92930157932267
2022-07-08,-61.11372916774593
2022-07-11,-47.8682993290603
2022-07-12,-47.39632569354106
2022-07-13,19.429386089020777
2022-07-14,53.18212964984774
2022-07-15,34.86812676261876
2022-07-18,60.613957992151796
2022-07-19,23.73617384552676
2022-07-20,23.010093994431287
2022-07-21,18.013106761261717
2022-07-22,66.80421230601408
2022-07-25,74.06594996092332
2022-07-26,62.235296076612855
2022-07-27,15.004530282521497
2022-07-28,53.22105181751652
2022-07-29,84.47241021889168
2022-08-01,76.58538297379462
2022-08-02,88.29983262872213
2022-08-03,83.92526756786083
2022-08-04,91.66624929063317
2022-08-05,52.366346601958924
2022-08-08,-25.026615942558262
2022-08-09,-2.790771532447163
2022-08-10,-54.82672664562291
2022-08-11,-41.317448125796986
2022-08-12,-49.33909103343253
2022-08-15,23.77250108417008
2022-08-16,9.7376181053116
2022-08-17,-5.684719524230032
2022-08-18,-62.167507309133
2022-08-19,-53.6993722235822
2022-08-22,-56.538921316837104
2022-08-23,-88.39925805734444
2022-08-24,-86.69462600164624
2022-08-25,-68.2279414191637
2022-08-26,-26.81600675796179
2022-08-29,-70.00704441488793
2022-08-30,-95.3350035381669
2022-08-31,-83.49522643246166
2022-09-01,-46.431967853930956
2022-09-02,-95.04413776202051
2022-09-05,-87.81000830534984
2022-09-06,-83.89860994489163
2022-09-07,-86.39845089544866
2022-09-08,-70.71147092842432
2022-09-09,-55.176040662062995
2022-09-13,-80.43788299717505
2022-09-14,-96.51229785905781
2022-09-15,-96.85830626911729
2022-09-16,-79.16795025646553
2022-09-19,-93.29947669669684
2022-09-20,-90.61152982305333
2022-09-21,-95.01386341092919
2022-09-22,-90.92019048781906
2022-09-23,-94.37790635904481
2022-09-26,-91.3870570245391
2022-09-27,-95.45603397991574
2022-09-28,-97.77907558475084
2022-09-29,-88.74382716439032
2022-09-30,-90.73756088936706
2022-10-10,-89.80967005456962
2022-10-11,-82.76672730731384
2022-10-12,-85.70881790206309
2022-10-13,-80.69518161528532
2022-10-14,-61.722022765029294
2022-10-17,-84.42749749351188
2022-10-18,-59.683882228200076
2022-10-19,-70.06468000724225
2022-10-20,-78.51705992832575
2022-10-21,-67.53569246130907
2022-10-24,-41.891095688076334
2022-10-25,-22.777973340947685
2022-10-26,-1.5219664706774534
2022-10-27,-2.932909363740542
2022-10-28,16.174002469529885
2022-10-31,24.6573648073325
2022-11-01,2.0552407834217306
2022-11-02,52.59084521389185
2022-11-03,48.208993738092005
2022-11-04,-26.214072423003046
2022-11-07,18.48850151554563
2022-11-08,44.69576527725386
2022-11-09,38.539668029347354
2022-11-10,29.926378989365332
2022-11-11,94.88352444047536
2022-11-14,97.98437335752425
2022-11-15,95.64906953684468
2022-11-16,90.95139408687626
2022-11-17,86.53767006663472
2022-11-18,80.9449468798849
2022-11-21,82.25805730776987
2022-11-22,74.531925710541
2022-11-23,78.14108373988401
2022-11-24,77.5913389912497
2022-11-25,58.99808970361485
2022-11-28,80.80598186349991
2022-11-29,62.62187770293488
2022-11-30,75.09893399570683
2022-12-01,73.94977881202814
2022-12-02,91.89208836098459
2022-12-05,78.65525349446162
2022-12-06,85.3105982616803
2022-12-07,73.38517647074916
2022-12-08,72.76026784739648
2022-12-09,71.74526104296972
2022-12-12,75.14568789252641
2022-12-13,-31.91712578660528
2022-12-14,-36.6726274080218
2022-12-15,-40.83154925227209
2022-12-16,-80.81987034936328
2022-12-19,-77.30611059025622
2022-12-20,-88.41820713897434
2022-12-21,-95.305929343288
2022-12-22,-89.83957500917336
2022-12-23,-88.7086751292372
2022-12-26,-91.9211247123776
2022-12-27,-92.44083040382273
2022-12-28,-92.511760235459
2022-12-29,-97.74466084310092
2022-12-30,-90.35393345631485
2023-01-03,-89.74101347129621
2023-01-04,-65.32594111673845
2023-01-05,-43.73182621211678
2023-01-06,-70.18220391712353
2023-01-09,20.224403300362027
2023-01-10,61.49958216008928
2023-01-11,40.35506687918128
2023-01-12,68.45773758569526
2023-01-13,62.352770054344276
2023-01-16,59.95619073988364
2023-01-17,86.75275080661689
2023-01-18,40.56978098537053
2023-01-19,30.086483238548617
2023-01-20,-6.678691673054193
2023-01-30,29.84048760308086
2023-01-31,68.57489837091717
2023-02-01,32.210825733782
2023-02-02,87.79738736517604
2023-02-03,87.4555921850041
2023-02-06,27.117196980112944
2023-02-07,-45.24925923625215
2023-02-08,-39.56368969057207
2023-02-09,-56.498086626099465
2023-02-10,-53.21013643920688
2023-02-13,-75.75996176581918
2023-02-14,-34.499956211449906
2023-02-15,-52.16044212408218
2023-02-16,-62.13833428063259
2023-02-17,-9.007529320092814
2023-02-20,-12.349277850425946
2023-02-21,-32.18358192261931
2023-02-22,-42.06402496608909
2023-02-23,-72.78149743949626
2023-02-24,-50.414812066597094
2023-02-27,-82.25434810853254
2023-02-28,-62.129947165754274
2023-03-01,-72.80358847095454
2023-03-02,-56.96163658894531
2023-03-03,-35.495398002445725
2023-03-06,-2.6738575128699047
2023-03-07,-0.22896554272557523
2023-03-08,-26.75978790895018
2023-03-09,-55.62173693999627
2023-03-10,-35.1320172097309
2023-03-13,4.1480004727479844
2023-03-14,47.665142317619825
2023-03-15,56.595037213283646
2023-03-16,52.09728711994926
2023-03-17,94.84575046648268
2023-03-20,98.59917703133172
2023-03-21,98.79618734444747
2023-03-22,31.22967357522411
2023-03-23,53.03191787649884
2023-03-24,71.3261241213831
2023-03-27,75.44059260065364
2023-03-28,50.56250868674945
2023-03-29,9.68695063698945
2023-03-30,16.592536876017117
2023-03-31,1.5679385562317156
2023-04-03,2.939943366682277
2023-04-04,53.061082509655506
2023-04-06,65.05453409736839
2023-04-07,28.19030378986986
2023-04-10,-40.214808194265
2023-04-11,22.291286825164413
2023-04-12,-16.458082283126615
2023-04-13,-48.256932518804824
2023-04-14,-46.26442328098618
2023-04-17,-64.6250638873947
2023-04-18,-84.01068987055159
2023-04-19,-74.280876260562
2023-04-20,-85.69367381156249
2023-04-21,-67.13417530056188
2023-04-24,-62.79114089695935
2023-04-25,-38.70996000746481
2023-04-26,-2.664364722637586
2023-04-27,10.127463823547933
2023-04-28,-39.86586080958011
2023-05-04,26.83265404183307
2023-05-05,84.45544681145097
2023-05-08,62.155516054016324
2023-05-09,73.19966793844216
2023-05-10,56.088897812596926
2023-05-11,47.00799389776057
2023-05-12,-4.988067086665945
2023-05-15,-60.6410816261873
2023-05-16,-23.232485330792898
2023-05-17,-41.91649816151698
2023-05-18,-35.88442683389479
2023-05-19,-14.23699328819066
2023-05-22,-49.60056913904328
2023-05-23,-57.47432864108596
2023-05-24,-70.29367971405941
2023-05-25,-48.06769673038241
2023-05-26,-27.78974390829996
2023-05-29,-21.801445293626422
2023-05-30,-9.953974521181177
2023-05-31,4.969577139694639
2023-06-01,-23.62488040494486
2023-06-02,-6.15912635679298
2023-06-05,-74.15903968386363
2023-06-06,-18.90574658474206
2023-06-07,51.923554167391984
2023-06-08,-4.044536732990792
2023-06-09,48.89907157470883
2023-06-12,74.09222401571753
2023-06-13,93.13340147556207
2023-06-14,-7.086660718389718
2023-06-15,51.578147837723265
2023-06-16,70.78300766690046
2023-06-19,24.76651711622679
2023-06-20,34.78052356112556
2023-06-21,49.13322319883084
2023-06-26,3.113610734987269
2023-06-27,6.714491718345149
2023-06-28,-18.036291169912424
2023-06-29,1.657396583349282
2023-06-30,-65.35126911031834
2023-07-03,-18.700257540984
2023-07-04,5.836355387846899
2023-07-05,14.112671848498575
2023-07-06,-83.53163632026701
2023-07-07,-92.13175257448876
2023-07-10,-90.10546239952592
2023-07-11,-65.37452467787165
2023-07-12,-71.65724740373295
2023-07-13,19.935940987919285
2023-07-14,48.402274217010564
2023-07-17,45.58611226916403
2023-07-18,64.14413169266757
2023-07-19,49.41654140303603
2023-07-20,43.05012683972309
2023-07-21,10.634373167443805
2023-07-24,35.18451040739414
2023-07-25,9.745801646914504
2023-07-26,-12.62640586033026
2023-07-27,27.477260728775946
2023-07-28,18.357012451574356
2023-07-31,55.4286901928692
2023-08-01,57.60877571766103
2023-08-02,29.667971134503425
2023-08-03,-35.181728820970434
2023-08-04,-64.31226311049879
2023-08-07,1.9362878307119331
2023-08-08,-33.954519372888186
2023-08-09,-61.80676814608747
2023-08-10,-79.40527438208363
2023-08-11,-54.056115250077966
2023-08-14,-66.5251845204867
2023-08-15,-26.982251555035337
2023-08-16,-50.63345904524616
2023-08-17,-69.90401882900099
2023-08-18,-69.2865584318661
2023-08-21,-63.344274881134496
2023-08-22,-66.06151693190743
2023-08-23,16.60371725884381
2023-08-24,-14.157395897297594
2023-08-25,-45.11628777677449
2023-08-28,8.976335180389476
2023-08-29,40.584329174347566
2023-08-30,43.37463243623919
2023-08-31,30.316092800125862
2023-09-01,36.55383174806548
2023-09-04,9.256605671565794
2023-09-05,34.37031541100099
2023-09-06,-21.828680108678952
2023-09-07,-57.27156847477337
2023-09-08,-53.347933674710546
2023-09-11,-35.194312726501494
2023-09-12,-43.32293599918857
2023-09-13,-73.86418877640787
2023-09-14,-29.56632637137345
2023-09-15,-38.845162762654255
2023-09-18,-69.56183489261075
2023-09-19,-59.05861244509603
2023-09-20,-83.43564523903356
2023-09-21,-78.30925581126031
2023-09-22,-92.1693561792233
2023-09-25,-87.1597243809689
2023-09-26,-81.22039900725912
2023-09-27,-87.9027868646939
2023-09-28,-88.60332982748847
2023-10-09,-70.35662265168747
2023-10-10,-54.7857344686987
2023-10-11,5.4461960341068405
2023-10-12,19.501174838456407
2023-10-13,-38.28487116975191
2023-10-16,-32.196125693133105
2023-10-17,23.3253457260803
2023-10-18,-34.154654747517014
2023-10-19,-34.85232185365278
2023-10-20,-23.601156004386034
2023-10-23,-59.13239089272794
2023-10-24,-15.364910593726712
2023-10-25,16.91892222359064
2023-10-26,-46.90826231480712
2023-10-27,-51.131153319662005
2023-10-30,-2.168026047166588
2023-10-31,46.28876873443023
2023-11-01,-39.30911391728598
2023-11-02,14.8725974318031
2023-11-03,57.32931363225313
2023-11-06,69.78113128418417
2023-11-07,73.0445159716206
2023-11-08,79.88607918005958
2023-11-09,84.94778578450808
2023-11-10,64.89641481676847
2023-11-13,70.64805614423214
2023-11-14,49.430303309094214
2023-11-15,68.79332220203902
2023-11-16,66.5756392730124
2023-11-17,85.35509489383796
2023-11-20,65.2206020113789
2023-11-21,84.23825415231627
2023-11-22,73.86943507841673
2023-11-23,30.809612368688832
2023-11-24,18.889268149405858
2023-11-27,43.39795758830152
2023-11-28,70.85112007353253
2023-11-29,52.88111879638907
2023-11-30,76.61175947235822
2023-12-01,43.21931112746894
2023-12-04,89.82707445969983
2023-12-05,87.31364648999919
2023-12-06,77.45293846585626
2023-12-07,76.35881972483168
2023-12-08,93.90299118559602
2023-12-11,93.92868920752416
2023-12-12,95.30760726348512
2023-12-13,74.67378645223918
2023-12-14,94.38609538331202
2023-12-15,97.46302307896282
2023-12-18,95.02182581364448
2023-12-19,86.65697675446786
2023-12-20,69.48777810007377
2023-12-21,51.58120760026361
2023-12-22,67.37768718084455
2023-12-25,78.16472448471826
2023-12-26,49.8551529344556
2023-12-27,61.33620520541584
2023-12-28,63.771841417385104
2023-12-29,49.17253496970862
2024-01-02,63.099273346225786
2024-01-03,36.89712738055253
2024-01-04,24.09588795618687
2024-01-05,-39.274229339483604
2024-01-08,-9.010854805686169
2024-01-09,28.129033058714906
2024-01-10,4.710195005389195
2024-01-11,-33.73398757645677
2024-01-12,37.44410391458403
2024-01-15,14.768055036552795
2024-01-16,-2.427012608071479
2024-01-17,-34.02835977211724
2024-01-18,-67.8752234399384
2024-01-19,56.23053288708423
2024-01-22,48.125787172559704
2024-01-23,61.67999479497693
2024-01-24,40.74718648421657
2024-01-25,44.70348631284881
2024-01-26,56.56337202133598
2024-01-29,46.67802186554286
2024-01-30,68.1937573730006
2024-01-31,44.11261761570282
2024-02-01,80.12666346056061
2024-02-02,91.4907749009976
2024-02-05,64.09943592836441
2024-02-06,37.663864941598526
2024-02-07,-2.0390513596364
2024-02-08,47.8662942709388
2024-02-19,-28.27607048423385
2024-02-20,-45.86827762610832
2024-02-21,-66.78384037925795
2024-02-22,-53.609913097074994
2024-02-23,-23.75975757264813
2024-02-26,-24.46304465617719
2024-02-27,-27.297641974464238
2024-02-28,-43.379459462060645
2024-02-29,23.880404418181342
2024-03-01,-11.122941978886072
2024-03-04,53.370721678659685
2024-03-05,43.55010030545836
2024-03-06,44.13775804143412
2024-03-07,51.93223921476323
2024-03-08,75.99102509690121
2024-03-11,34.295258882113615
2024-03-12,46.69579256840376
2024-03-13,61.02440979277593
2024-03-14,45.15078703869203
2024-03-15,-31.269502020322722
2024-03-18,-61.24485940676493
2024-03-19,-47.35503919022279
2024-03-20,-68.47697222850333
2024-03-21,-44.37607560517293
2024-03-22,-11.946746549512792
2024-03-25,30.38968091091354
2024-03-26,24.244336024538043
2024-03-27,-11.715299187978708
2024-03-28,25.721763277156313
2024-03-29,38.50988194690265
2024-04-01,-3.0681043788376283
2024-04-02,-14.268695669720403
2024-04-03,-39.98027346196407
2024-04-08,-62.00488790124254
2024-04-09,-32.76978155668179
2024-04-10,-53.751044978953985
2024-04-11,-79.71706651957629
2024-04-12,-50.805323444739805
2024-04-15,-83.61906160986359
2024-04-16,-87.37886485397011
2024-04-17,-70.69140841978665
2024-04-18,-75.89204923538696
2024-04-19,-63.60699151507389
2024-04-22,-81.37933614518585
2024-04-23,-70.80512979870794
2024-04-24,-69.94705456917154
2024-04-25,-80.73654615408375
2024-04-26,-74.97337805051274
2024-04-29,9.456703581485856
2024-04-30,20.100498301613865
2024-05-06,40.56525292427166
2024-05-07,7.709764779064681
2024-05-08,-4.1120942012627815
2024-05-09,-24.576707589823215
2024-05-10,13.331884483376806
2024-05-13,22.138708328757808
2024-05-14,51.574177361559556
2024-05-15,49.60927453937912
2024-05-16,60.56265730465588
2024-05-17,77.20725414493789
2024-05-20,29.337148725059293
2024-05-21,56.58040405943865
2024-05-22,13.048521121687008
2024-05-23,20.87563045578007
2024-05-24,-12.017376618524956
2024-05-27,-3.2664233051984812
2024-05-28,1.8146912855945985
2024-05-29,-40.0127791288727
2024-05-30,-64.70007739528522
2024-05-31,-53.11860547972469
2024-06-03,-38.78912294717579
2024-06-04,79.2744716638847
2024-06-05,61.73960826150524
2024-06-06,79.15633946252495
2024-06-07,93.95638110534408
2024-06-11,65.94848855125008
2024-06-12,55.36250163856442
2024-06-13,61.14052631195552
2024-06-14,72.67379605398853
2024-06-17,72.02222673170391
2024-06-18,43.58881114572245
2024-06-19,43.42952116323243
2024-06-20,38.066668910193854
2024-06-21,36.33304010135389
2024-06-24,7.417156981354481
2024-06-25,30.606866949578176
2024-06-26,30.258117066902717
2024-06-27,-33.261548672991346
2024-06-28,-24.29580284912204
2024-07-01,-1.0265837061490188
2024-07-02,-57.857375043690396
2024-07-03,-25.027307820881305
2024-07-04,11.571127300255473
2024-07-05,8.578637634036347
2024-07-08,52.148583265987604
2024-07-09,71.05413208785123
2024-07-10,69.02511891647987
2024-07-11,82.59374343569411
2024-07-12,80.83019515977577
2024-07-15,89.82326127069484
2024-07-16,63.45052274245711
2024-07-17,74.97750632837933
2024-07-18,58.97809599683667
2024-07-19,33.83632669255192
2024-07-22,-11.545454202362762
2024-07-23,6.532958629015695
2024-07-24,-4.379283473466224
2024-07-25,-10.67569456248112
2024-07-26,-36.67060935544986
2024-07-29,-19.398395497900843
2024-07-30,0.7040613627330785
2024-07-31,13.745875835943592
2024-08-01,75.86571312291056
2024-08-02,67.17635356091326
2024-08-05,62.912580937125526
2024-08-06,87.94061770176046
2024-08-07,36.52830761676286
2024-08-08,-7.338676723658271
2024-08-09,32.51456513950322
2024-08-12,17.56043151453006
2024-08-13,-25.284155953784374
2024-08-14,14.13394440043373
2024-08-15,8.629335518188547
2024-08-16,13.547010534888312
2024-08-19,24.96896513611879
2024-08-20,61.881270249294154
2024-08-21,81.7098567627326
2024-08-22,81.1035029791895
2024-08-23,58.78066112440944
2024-08-26,71.37835332009163
2024-08-27,61.83755688033661
2024-08-28,72.58349665623433
2024-08-29,83.27241026658577
2024-08-30,65.33498090485575
2024-09-02,78.19777966896777
2024-09-03,-49.29336533856403
2024-09-04,-37.26378315760766
2024-09-05,-15.266773921874222
2024-09-06,-2.47460665692968
2024-09-09,-10.576149560332716
2024-09-10,-0.8552450596783743
2024-09-11,18.14477490400899
2024-09-12,3.918435129815619
2024-09-13,18.90559778120761
2024-09-18,28.014030166745876
2024-09-19,-2.674310177098402
2024-09-20,32.72927792432262
2024-09-23,7.193580693087606
2024-09-24,-4.276911821030161
2024-09-25,18.427167022171663
2024-09-26,65.88489745950451
2024-09-27,55.47331398052913
2024-09-30,36.54385292492354
2024-10-08,-68.25056156748019
2024-10-09,-50.979507169937825
2024-10-10,-60.965743371078226
2024-10-11,-61.68537833207854
2024-10-14,-55.66832559778306
2024-10-15,-42.119582927461295
2024-10-16,-53.273637015456046
2024-10-17,-53.99168688485187
2024-10-18,-59.868148400899116
2024-10-21,-45.18523896097682
2024-10-22,-40.45370344543381
2024-10-23,-60.960886495958405
2024-10-24,-72.14339513051198
2024-10-25,-56.13178206514801
2024-10-28,-67.6390648165101
2024-10-29,-49.48664869674995
2024-10-30,-9.446444322274226
2024-10-31,-62.96324393331546
2024-11-01,-71.61437150299044
2024-11-04,-76.20710845720194
2024-11-05,-69.71345200052062
2024-11-06,-35.313466011708144
2024-11-07,-11.211309077608203
2024-11-08,14.708848644981297
2024-11-11,26.954860544432144
2024-11-12,-46.496455379852975
2024-11-13,-74.71625392932054
2024-11-14,-74.1321211704839
2024-11-15,-81.87104797292338
2024-11-18,-81.62754234027946
2024-11-19,-71.44934017235165
2024-11-20,-73.20198982231355
2024-11-21,-80.79939908004658
2024-11-22,-76.55408916552122
2024-11-25,-68.00727941853798
2024-11-26,-13.104782557918277
2024-11-27,-27.08578381696706
2024-11-28,1.621251524648894
2024-11-29,11.974390522042604
2024-12-02,50.1396410080213
2024-12-03,70.7879569607781
2024-12-04,75.17231932365519
2024-12-05,76.1363407594867
2024-12-06,86.99260289387682
2024-12-09,73.45681825570699
2024-12-10,54.16096344950717
2024-12-11,57.897437606260866
2024-12-12,58.20676033535409
2024-12-13,41.65192994246332
2024-12-16,76.44618437228819
2024-12-17,64.89695677216181
2024-12-18,31.195180056193024
2024-12-19,-79.2880172991992
2024-12-20,-87.34624994934377
2024-12-23,-45.3624519646457
2024-12-24,-20.12335483481313
2024-12-25,-50.888232018332836
2024-12-26,-43.046262833515286
2024-12-27,-50.03803386112239
2024-12-30,-47.96168402216106
2024-12-31,-73.36007179919122
2025-01-02,-31.69950147974546
2025-01-03,-41.38492082703828
2025-01-06,-1.3051597767696599
2025-01-07,26.173166112909982
2025-01-08,-41.27824902338335
2025-01-09,-24.831665400980697
2025-01-10,-52.68581814154365
2025-01-13,-77.757220418645
2025-01-14,-83.05423030689894
2025-01-15,-88.9694857688255
2025-01-16,-8.091110856032023
2025-01-17,54.08560834208461
2025-01-20,57.863203430285004
2025-01-21,62.16422328822972
2025-01-22,78.6694087910887
2025-01-23,69.81852987320809
2025-01-24,76.04233247144077
2025-01-27,36.98718108397003
2025-02-05,13.968634887675474
2025-02-06,43.087774647371134
2025-02-07,44.252325602927
2025-02-10,90.2824666403263
2025-02-11,47.8951645697084
2025-02-12,14.848179740403026
2025-02-13,-14.450674894265893
2025-02-14,64.52292797600927
2025-02-17,58.42708899304073
2025-02-18,73.11300237036691
2025-02-19,38.759170651814166
2025-02-20,65.4267500757774
2025-02-21,54.53356990398969
2025-02-24,43.83422148909974
2025-02-25,27.901051810841803
2025-02-26,18.92343744704373
2025-02-27,31.87086775446162
2025-02-28,-29.33982200861181
2025-03-03,-13.46877990842969
2025-03-04,-3.595329655619416
2025-03-05,-29.667598967964175
2025-03-06,-22.553410289644482
2025-03-07,-12.283630843856116
2025-03-10,-9.374400807277457
2025-03-11,-25.5994656266603
2025-03-12,-45.35798070812496
2025-03-13,-56.590101436051015
2025-03-14,-16.600885903880073
2025-03-17,-27.211902266780704
2025-03-18,-15.521212935366641
2025-03-19,-38.27433483451708
2025-03-20,-14.088146016307359
2025-03-21,12.281042372312367
2025-03-24,21.854903761473068
2025-03-25,-32.90229265723197
2025-03-26,-14.493237246447915
2025-03-27,-74.23369477907184
2025-03-28,-91.47262466696696
2025-03-31,-43.201979140851336
2025-04-01,-38.62834916056185
2025-04-02,-11.459963961866052
2025-04-03,-38.204532488818984
2025-04-07,55.21053564223198
2025-04-08,13.516945502500043
2025-04-09,60.432330974016956
2025-04-10,50.536839994370894
2025-04-11,-16.10933487459843
2025-04-14,-54.64985609241538
2025-04-15,-25.450166440970197
2025-04-16,-43.691668636729716
2025-04-17,-40.433077585563744
2025-04-18,-57.18250191302943
2025-04-21,-72.63400606518877
2025-04-22,-78.50070676174548
2025-04-23,-76.46192809312845
2025-04-24,-48.91162786693944
2025-04-25,-5.293298229051319
2025-04-28,14.72328145940438
2025-04-29,34.39484566556013
2025-04-30,35.98731962810281
2025-05-06,16.497404906648494
2025-05-07,-41.555399578472816
2025-05-08,15.846806381109527
2025-05-09,34.49205466336036
2025-05-12,-28.078155903024822
2025-05-13,-39.12636912609572
2025-05-14,-42.33126737029632
2025-05-15,-42.86890010215474
2025-05-16,-45.99361861545244
2025-05-19,-49.89475066135302
2025-05-20,-57.63235665298906
2025-05-21,-51.35482669192544
2025-05-22,-64.37247259298792
2025-05-23,-60.882512126070196
2025-05-26,-34.79279257075157
2025-05-27,-51.822830446416475
2025-05-28,-9.998463778692923
2025-05-29,-40.58434201911622
2025-05-30,12.432074770871425
2025-06-03,11.827826421903326
2025-06-04,61.28705608033965
2025-06-05,80.84701649835857
2025-06-06,86.50835113996013
2025-06-09,28.21159445254453
2025-06-10,86.76916380073897
2025-06-11,92.71245810051016
2025-06-12,94.4388499765206
2025-06-13,96.4071378043341
2025-06-16,87.49333398747906
2025-06-17,67.74123028685034
2025-06-18,77.47789510781521
2025-06-19,67.15960712331419
2025-06-20,68.36111679366283
2025-06-23,63.63738231690169
2025-06-24,91.85828832231243
2025-06-25,97.50609125385155
2025-06-26,97.35094104231383
2025-06-27,97.89811600198402
2025-06-30,96.90722907287359
2025-07-01,94.60825775072513
2025-07-02,93.09035475619619
2025-07-03,95.28644956780488
2025-07-04,85.53154472543955
2025-07-07,90.10955621193126
2025-07-08,28.79343889213631
2025-07-09,34.497519348598765
2025-07-10,73.02041760946976
2025-07-11,73.84358774105712
2025-07-14,58.81696694819192
2025-07-15,7.323300818160742
2025-07-16,11.080769011266112
2025-07-17,-9.728708068356205
2025-07-18,9.20014409194525
2025-07-21,5.495889622056895
2025-07-22,68.22747522988637
2025-07-23,77.255096892349
2025-07-24,62.819552305694785
2025-07-25,-21.226751346543445
2025-07-28,-37.578240008815406
2025-07-29,-25.29153512012065
2025-07-30,27.719577744948058
2025-07-31,34.402119006047464
2025-08-01,-76.90128143934163
2025-08-04,16.03061113392005
2025-08-05,27.509411854548294
2025-08-06,-5.225799440677111
2025-08-07,6.339725485989987
2025-08-08,44.209073410557316
2025-08-11,43.87250593211177
2025-08-12,43.32461352301108
2025-08-13,70.71506165666489
2025-08-14,90.4532204535513
2025-08-15,80.53454079643765
2025-08-18,31.171126106936693
2025-08-19,41.41655990624662
2025-08-20,23.06171043098504
2025-08-21,-32.36033424227439
2025-08-22,-61.790040185112204
2025-08-25,-12.213370503101707
2025-08-26,-1.9152360282488718
2025-08-27,23.598995934708135
2025-08-28,48.22920767724969
2025-08-29,71.93506681938642
2025-09-01,20.19365034903301
2025-09-02,15.50604284415248
2025-09-03,-65.92670740264245
2025-09-04,-29.329408389040683
2025-09-05,35.95510543238806
2025-09-08,68.6453281259331
2025-09-09,83.03746957539724
2025-09-10,54.36738436719351
2025-09-11,71.60435416169051
2025-09-12,81.43407060589294
2025-09-15,78.53394622030947
2025-09-16,67.69726838144396
2025-09-17,62.29505530101086
2025-09-18,45.20250624985529
2025-09-19,78.8497139599361
2025-09-22,27.376654302898004
2025-09-23,11.527539706047806
2025-09-24,28.887758618816235
2025-09-25,-43.73539946832844
2025-09-26,-64.03589647969791
2025-09-29,-71.48371996076682
2025-09-30,-39.86750143344956
2025-10-09,23.626282996589147
2025-10-10,49.58745288738376
2025-10-13,69.70404762323155
2025-10-14,75.68674437290693
2025-10-15,85.15720363795629
2025-10-16,57.641441119817586
2025-10-17,72.27542385542763
2025-10-20,76.17358239408841
2025-10-21,79.47951181227823
2025-10-22,63.38304300357222
2025-10-23,39.626605950799814
2025-10-24,30.24246835182979
2025-10-27,48.97391813200771
2025-10-28,65.94539515530494
2025-10-29,61.44513447077976
2025-10-30,18.22924344521134
2025-10-31,13.935954826565801
2025-11-03,13.748834173783793
2025-11-04,13.10973325237042
2025-11-05,-20.645450794113394
2025-11-06,-45.920308566572935
2025-11-07,-28.650294889288016
2025-11-10,-7.000136045806832
2025-11-11,1.3839187364788081
2025-11-12,-33.57191224430545
2025-11-13,18.975699375467862
2025-11-14,-63.11704394663606
2025-11-17,-32.94493506734348
2025-11-18,-66.69944718061369
2025-11-19,-68.49487220490033
2025-11-20,-81.38666696027755
2025-11-21,-83.46264217319296
2025-11-24,-21.105681258466902
2025-11-25,34.74240112724944
2025-11-26,63.76180624177283
2025-11-27,60.44512403145271
2025-11-28,54.12797857953303
2025-12-01,60.27937174702532
2025-12-02,40.34691345700556
2025-12-03,34.91053770689079
2025-12-04,66.64682183929305
2025-12-05,38.75453385306567
2025-12-08,1.8679137700977257
2025-12-09,23.65232114282499
2025-12-10,-0.00733607410781012
2025-12-11,18.886104937067046
2025-12-12,66.2230397340927
2025-12-15,50.8928595469817
2025-12-16,8.11807129983631
2025-12-17,20.577868255513287
2025-12-18,-35.88472959599666
2025-12-19,22.78642192540397
2025-12-22,53.172440312134746
2025-12-23,17.511710417301703
2025-12-24,35.668162190582045
2025-12-25,28.57085388068183
2025-12-26,17.48169835035621
2025-12-29,54.74249109142576
2025-12-30,45.78425238293507
2025-12-31,9.835045609363842
2026-01-05,-9.787597856483108
2026-01-06,37.75481044175429
2026-01-07,53.99028585156052
2026-01-08,72.44878317426048
2026-01-09,-26.79538406190432
2026-01-12,1.988486313640637
2026-01-13,3.037114420900295
2026-01-14,-5.141512069610158
2026-01-15,17.417491776295073
2026-01-16,1.3566094823117787
2026-01-19,-34.07268468020086
2026-01-20,-57.919006644583604
2026-01-21,-79.66233627827627
2026-01-22,-53.21234007199058
2026-01-23,-45.3748662598467
2026-01-26,-0.477027775021174
2026-01-27,43.86064696656413
2026-01-28,25.70000680811232
2026-01-29,38.15672294739656
2026-01-30,47.860967339568354
2026-02-02,-37.83949534656358
2026-02-03,2.757511237590982
2026-02-04,-9.953314107204864
2026-02-05,-73.95324917321275
2026-02-06,-31.922876388618405
2026-02-09,25.188511156211284
2026-02-10,-4.1028238830011885
2026-02-11,59.94396292103391
2026-02-12,63.82237920298389
2026-02-13,80.60758126830567
2026-02-24,51.2859731280344
2026-02-25,40.294851186973986
2026-02-26,63.40679417988862
2026-02-27,49.844210639765
2026-03-02,28.070676305638536
2026-03-03,18.038755235511342
2026-03-04,3.2317083133811124
2026-03-05,-1.3373918902346524
2026-03-06,-33.18473614215678
2026-03-09,-63.56534543329455
2026-03-10,12.000497212034052
2026-03-11,-10.11216734305891
2026-03-12,-27.24924068732474
2026-03-13,-67.39070973611675
2026-03-16,-68.59848644417357
2026-03-17,-78.89128276685602
2026-03-18,-47.03576563585552
2026-03-19,-89.6817779994569
2026-03-20,-77.02660203429693
2026-03-23,-80.88974050499567
2026-03-24,-50.662579714765805
2026-03-25,-60.87496119199852
2026-03-26,-33.732035016909755
2026-03-27,-86.68508518568652
2026-03-30,-92.32543121628734
2026-03-31,-86.30428506540238
2026-04-01,-5.839552294235715
2026-04-02,0.42398808549111067
2026-04-03,16.45868577439386
2026-04-07,-10.952137733709666
2026-04-08,11.5668899521821
2026-04-09,74.93146432944309
2026-04-10,73.22385820746429
2026-04-13,67.16082655720544
2026-04-14,62.47716246438105
2026-04-15,78.35534195462489
2026-04-16,77.24594583531236
2026-04-17,44.621182562087945
2026-04-20,84.91709354965931
2026-04-21,84.36906270546879
2026-04-22,86.55305746509282
2026-04-23,68.97788735916623
2026-04-24,64.69137535566176
2026-04-27,63.865821453865635
2026-04-28,-6.777626776844732
2026-04-29,-42.228450103105516
2026-04-30,-68.6194412601619
2026-05-06,-5.326689136598501
2026-05-07,87.92988663791397
2026-05-08,55.607331506355536
2026-05-11,86.92637868533681
2026-05-12,86.194559635872
2026-05-13,58.29330448575794
2026-05-14,47.207584547810995
2026-05-15,58.023762972697625
2026-05-18,31.314468010722422
2026-05-19,8.560428820227678
2026-05-20,-32.52513845701067
2026-05-21,-4.684514118486554
2026-05-22,44.58262564965068
2026-05-25,-15.209072720184832
2026-05-26,-28.019270753571234
2026-05-27,37.83699828703643
2026-05-28,54.67645812328731
2026-05-29,38.37687478227366
2026-06-01,85.69046622104612
2026-06-02,50.34561934848468
2026-06-03,49.486221644773465
2026-06-04,56.32256268622363
2026-06-05,18.05796086625817
2026-06-08,-43.34722245442118
2026-06-09,-21.07878321264097
2026-06-10,-65.4067195997755
2026-06-11,-43.61786092335653
2026-06-12,35.36469457429047
2026-06-15,76.45117789297794
2026-06-16,37.47177228233978
2026-06-17,40.95019362322047
2026-06-18,-18.184273206780514
2026-06-22,48.80621720483282
2026-06-23,23.936140739515608
2026-06-24,-48.317445816243804
2026-06-25,11.730065542592875
2026-06-26,47.66990501562195
2026-06-29,20.705753653108978
2026-06-30,44.96120141816845
2026-07-01,-9.00516933730927
2026-07-02,-26.89967039437267
2026-07-03,-57.20342724768935
2026-07-06,-55.57931861224144
2026-07-07,-58.02465186608592
2026-07-08,-96.21336761470377
2026-07-09,-96.41147413989604
2026-07-10,-90.64341228232739
2026-07-13,-77.47272397038421
2026-07-14,-96.43834807157323
2026-07-15,-92.18230271874548
2026-07-16,-81.51822527980471
2026-07-17,-86.106700229382
2026-07-20,-76.2541980489243
2026-07-21,-59.964654538018976
2026-07-22,-80.12758581547658
2026-07-23,-78.42960020691325
2026-07-24,-85.88967279996893
2026-07-27,-88.30220377687438
2026-07-28,-87.68119601175613
2026-07-29,-88.873166591043
2026-07-30,-84.54466866493549
2026-07-31,7.062807254059537
2026-08-03,-17.53769835761618
2026-08-04,-17.202257420869465
2026-08-05,36.67843867514505
2026-08-06,49.62014349520327
2026-08-07,60.85518981349823
2026-08-10,67.75011373769452
2026-08-11,15.846135868188552
2026-08-12,17.640416248267837
2026-08-13,-18.043828135547756
2026-08-14,67.01417692638421
2026-08-17,39.00079877540899
2026-08-18,-10.99270995749179
2026-08-19,-14.981125386453648
2026-08-20,55.14160228863771
2026-08-21,-15.144798170403648
2026-08-24,-80.28125886494311
2026-08-25,-41.34428711545101
2026-08-26,3.2321873560887386
2026-08-27,-33.23566093537575
2026-08-28,6.042974235817812
2026-08-31,-85.83246006730603
2026-09-01,-85.201369509429
2026-09-02,-87.08137453803701
2026-09-03,-85.73378827420491
2026-09-04,-47.110601452472324
2026-09-07,-7.294046242980055
2026-09-08,-18.979530341496943
2026-09-09,-18.283580488926916
